CustomerID,Amount,Frequency,Recency,labels
12348.0,1797.24,31,74,2
12349.0,1757.55,73,18,1
12350.0,334.4,17,309,0
12352.0,2506.04,85,35,1
12353.0,89.0,4,203,0
12354.0,1079.4,58,231,0
12355.0,459.4,13,213,0
12356.0,2811.43,59,22,1
12358.0,1168.06,19,1,2
12360.0,2662.06,129,51,1
12361.0,189.9,10,286,0
12363.0,552.0,23,109,2
12364.0,1313.1,85,7,1
12365.0,641.38,22,290,0
12367.0,168.9,11,3,2
12370.0,3545.69,167,50,1
12371.0,1887.96,63,44,1
12372.0,1298.04,52,71,2
12373.0,364.6,14,310,0
12374.0,742.9300000000001,33,24,2
12375.0,457.5,17,10,2
12377.0,1628.12,77,314,0
12379.0,852.24,40,81,2
12380.0,2724.81,104,21,1
12381.0,1845.31,87,4,1
12383.0,1850.56,99,184,1
12384.0,585.27,27,28,2
12386.0,401.9,10,337,0
12388.0,2780.66,100,15,1
12390.0,549.84,32,79,2
12391.0,460.89,100,21,2
12393.0,1582.6000000000001,64,71,1
12394.0,1272.48,27,63,2
12395.0,3018.63,156,18,1
12397.0,2409.9,126,35,1
12398.0,1635.6599999999999,85,45,1
12399.0,1108.65,59,118,2
12401.0,84.3,5,302,0
12402.0,225.6,11,322,0
12403.0,427.7,5,49,2
12405.0,1710.39,54,148,1
12406.0,3415.3,105,21,1
12407.0,1708.1200000000001,77,49,1
12408.0,2888.55,105,32,1
12410.0,693.3299999999999,26,308,0
12412.0,1226.88,61,74,2
12413.0,758.1,38,66,2
12414.0,562.41,18,216,0
12418.0,668.58,34,112,2
12420.0,600.39,29,63,2
12421.0,807.04,45,15,2
12422.0,803.5600000000001,39,95,2
12423.0,1859.31,125,0,1
12424.0,1760.96,30,162,2
12425.0,777.2,36,77,2
12426.0,582.73,30,194,0
12427.0,825.8,31,21,2
12430.0,256.4,11,42,2
12434.0,806.14,50,84,2
12436.0,509.01,16,99,2
12438.0,2906.85,98,13,1
12442.0,172.06,12,2,2
12445.0,133.4,4,21,2
12446.0,1002.3100000000001,58,57,2
12447.0,476.49,26,242,0
12448.0,449.45,22,43,2
12450.0,197.88,8,155,0
12452.0,430.57,22,16,2
12453.0,707.09,43,133,2
12454.0,3528.34,15,55,1
12455.0,2466.86,90,72,1
12456.0,3181.04,125,43,1
12457.0,2363.23,63,65,1
12458.0,947.4,38,70,2
12461.0,826.88,35,93,2
12462.0,1189.59,62,18,2
12463.0,1344.78,83,52,1
12464.0,1212.05,29,9,2
12465.0,742.1899999999999,47,16,2
12468.0,729.5400000000001,38,187,0
12475.0,723.38,36,53,2
12478.0,680.99,36,3,2
12479.0,527.2,31,10,2
12480.0,3281.63,154,27,1
12483.0,2484.98,75,16,1
12488.0,1298.66,55,9,2
12489.0,334.93,15,335,0
12491.0,460.40000000000003,26,38,2
12492.0,263.21000000000004,20,62,2
12493.0,433.74,22,165,0
12494.0,1246.1000000000001,77,15,1
12497.0,1043.1,14,81,2
12498.0,403.70000000000005,23,20,2
12501.0,2169.39,149,336,1
12504.0,482.04999999999995,9,17,2
12506.0,73.5,23,232,0
12507.0,1304.81,22,133,2
12508.0,398.27,69,25,2
12509.0,176.5,7,283,0
12510.0,982.5699999999999,33,142,2
12512.0,138.03,34,65,2
12513.0,612.29,35,112,2
12514.0,1017.68,51,266,0
12515.0,383.7,16,352,0
12516.0,1312.06,26,77,2
12518.0,2056.89,124,0,1
12519.0,340.84,18,63,2
12520.0,2634.26,152,78,1
12521.0,599.68,38,142,2
12522.0,192.72,12,38,2
12523.0,1789.77,106,18,1
12526.0,1316.66,71,0,1
12527.0,348.71000000000004,18,81,2
12528.0,1933.48,92,8,1
12530.0,1662.28,66,59,1
12531.0,125.22,17,14,2
12532.0,349.83000000000004,16,29,2
12534.0,1089.18,63,130,2
12535.0,716.35,34,91,2
12538.0,363.95,21,28,2
12541.0,981.18,52,29,2
12544.0,372.7,19,35,2
12545.0,1000.39,50,74,2
12546.0,1161.5,69,46,2
12547.0,207.79999999999998,8,197,0
12548.0,95.19999999999999,5,165,0
12550.0,964.83,57,78,2
12551.0,168.0,10,357,0
12552.0,437.82,20,38,2
12556.0,603.71,121,49,1
12558.0,269.96,11,7,2
12559.0,561.71,21,310,0
12560.0,2134.01,105,4,1
12561.0,238.85,16,302,0
12564.0,456.9,21,260,0
12565.0,145.92,9,288,0
12566.0,351.65,19,85,2
12571.0,519.61,34,39,2
12572.0,1020.42,60,8,2
12573.0,160.54000000000002,28,226,0
12574.0,218.45,11,315,0
12576.0,1315.83,88,35,1
12577.0,657.8,147,34,1
12578.0,2794.51,114,20,1
12579.0,440.42,29,77,2
12580.0,415.7,24,246,0
12581.0,197.71,15,39,2
12582.0,511.36,22,238,0
12584.0,2338.15,96,3,1
12585.0,2040.1,87,233,1
12586.0,196.94000000000003,11,16,2
12587.0,144.0,4,7,2
12588.0,214.89999999999998,10,38,2
12589.0,646.68,35,28,2
12591.0,452.84999999999997,26,316,0
12592.0,437.6,18,91,2
12593.0,418.09999999999997,21,108,2
12594.0,3338.2200000000003,118,37,1
12596.0,618.27,27,50,2
12598.0,3023.08,132,9,1
12599.0,1032.58,62,28,2
12600.0,2599.04,64,28,1
12601.0,577.0600000000001,28,189,0
12602.0,153.12,12,58,2
12603.0,739.1999999999999,3,21,2
12604.0,254.18,16,78,2
12607.0,1579.51,101,59,1
12609.0,1126.85,60,77,2
12610.0,2099.54,106,22,1
12611.0,1193.32,65,51,2
12612.0,704.0400000000001,19,73,2
12613.0,3344.38,153,56,1
12614.0,315.6,20,277,0
12615.0,2291.19,105,1,1
12616.0,713.3,32,94,2
12617.0,355.53,42,28,2
12618.0,177.31,11,21,2
12619.0,3641.24,90,15,1
12620.0,1339.41,92,14,1
12622.0,180.1,11,231,0
12623.0,305.1,18,275,0
12624.0,641.13,38,105,2
12625.0,2683.82,86,211,1
12628.0,786.46,41,3,2
12630.0,1270.88,64,9,2
12631.0,640.5,31,56,2
12633.0,2163.98,101,58,1
12635.0,1689.18,101,89,1
12638.0,671.69,39,32,2
12639.0,486.1,22,238,0
12640.0,1174.58,53,23,2
12641.0,185.9,10,114,2
12642.0,1013.26,47,24,2
12643.0,3344.64,24,127,1
12644.0,477.91,31,129,2
12645.0,1775.18,73,33,1
12646.0,1346.97,45,4,2
12648.0,318.05,21,154,0
12649.0,623.51,31,106,2
12650.0,314.44,20,2,2
12651.0,114.0,9,334,0
12652.0,919.98,48,330,0
12653.0,2209.85,43,148,1
12654.0,601.98,38,10,2
12657.0,1643.18,47,10,1
12658.0,686.05,36,18,2
12659.0,91.68,5,29,2
12660.0,245.1,13,10,2
12665.0,63.0,3,324,0
12667.0,620.13,33,57,2
12669.0,2744.0299999999997,101,150,1
12670.0,2996.05,92,9,1
12672.0,225.89999999999998,10,329,0
12673.0,610.52,42,4,2
12674.0,1970.6,83,38,1
12676.0,1331.39,45,24,2
12679.0,1113.02,48,58,2
12680.0,862.81,52,0,2
12684.0,2283.63,105,7,1
12685.0,2863.08,157,27,1
12689.0,1247.61,72,25,1
12690.0,389.01,16,205,0
12691.0,1035.8,32,27,2
12693.0,855.91,39,126,2
12694.0,869.67,37,69,2
12695.0,582.1,27,6,2
12697.0,957.59,41,28,2
12701.0,797.71,53,79,2
12702.0,219.0,12,19,2
12703.0,283.55,21,70,2
12704.0,2340.84,88,6,1
12707.0,603.42,33,291,0
12708.0,2712.91,157,29,1
12710.0,1149.02,77,96,1
12713.0,848.55,38,0,2
12715.0,353.86,21,105,2
12716.0,1053.49,69,3,2
12717.0,1030.98,55,150,2
12718.0,238.25,19,70,2
12719.0,644.95,39,4,2
12721.0,2656.13,161,31,1
12722.0,997.63,53,84,2
12723.0,725.07,69,3,2
12724.0,1031.41,53,4,2
12726.0,2609.1,124,27,1
12728.0,836.33,46,70,2
12729.0,453.01,26,113,2
12732.0,236.26000000000002,12,179,0
12733.0,383.95,22,233,0
12734.0,110.39999999999999,4,352,0
12735.0,779.5699999999999,43,314,0
12736.0,234.0,4,332,0
12739.0,1013.04,38,77,2
12740.0,427.6,27,63,2
12743.0,546.43,134,133,1
12750.0,275.88,15,128,2
12754.0,3010.74,63,235,1
12756.0,112.07999999999998,4,86,2
12758.0,2791.59,97,116,1
12759.0,1531.44,95,51,1
12762.0,1898.52,69,7,1
12763.0,494.08,18,137,2
12764.0,1693.88,45,316,0
12769.0,1143.6,32,238,0
12770.0,1351.45,12,210,0
12772.0,892.47,55,59,2
12775.0,1386.04,66,16,1
12778.0,822.23,50,19,2
12781.0,826.74,25,63,2
12782.0,2330.92,103,4,1
12783.0,2225.91,84,1,1
12784.0,574.42,59,8,2
12787.0,463.66,20,9,2
12789.0,91.85,4,64,2
12790.0,324.92,21,191,0
12792.0,400.53999999999996,25,256,0
12793.0,545.48,24,334,0
12794.0,860.41,45,52,2
12795.0,430.48,14,18,2
12802.0,427.58,25,186,0
12808.0,483.65000000000003,28,36,2
12809.0,489.31,25,177,0
12811.0,514.85,31,260,0
12812.0,229.64000000000001,15,44,2
12814.0,125.92,2,101,2
12815.0,1063.46,47,147,2
12816.0,572.2,29,95,2
12817.0,166.04,4,280,0
12818.0,1542.08,14,261,0
12820.0,942.34,59,2,2
12821.0,92.72,6,213,0
12822.0,948.88,46,70,2
12823.0,1759.5,5,74,2
12824.0,397.12,25,59,2
12826.0,1474.72,91,2,1
12827.0,430.15000000000003,25,5,2
12828.0,1018.71,56,2,2
12829.0,293.0,11,336,0
12831.0,215.05,9,261,0
12832.0,383.03,27,31,2
12833.0,417.38,24,144,0
12834.0,312.38,18,282,0
12836.0,2612.86,175,58,1
12837.0,134.1,12,172,0
12838.0,683.13,123,33,1
12840.0,2726.77,113,143,1
12842.0,1118.99,34,69,2
12843.0,1702.26,103,65,1
12844.0,325.96000000000004,52,28,2
12845.0,354.09,27,266,0
12847.0,871.54,91,21,1
12849.0,1050.8899999999999,51,30,2
12851.0,135.18,50,96,2
12852.0,311.55,17,294,0
12853.0,1957.1000000000001,78,134,1
12854.0,1324.5,110,78,1
12857.0,1106.4,46,210,0
12863.0,521.2,5,51,2
12864.0,147.12,3,137,0
12865.0,1568.23,95,25,1
12866.0,559.12,26,282,0
12868.0,1607.0600000000002,107,185,1
12871.0,380.64,11,83,2
12872.0,599.97,66,326,0
12873.0,374.0,4,281,0
12875.0,343.2300000000001,2,142,0
12876.0,2218.02,85,57,1
12877.0,1535.77,154,3,1
12878.0,854.99,47,235,0
12879.0,573.22,10,44,2
12881.0,298.0,7,275,0
12882.0,1463.04,13,8,2
12883.0,703.47,42,24,2
12884.0,309.05,7,87,2
12885.0,1175.22,71,62,2
12886.0,1378.4,82,67,1
12888.0,354.12,5,213,0
12890.0,380.46999999999997,82,23,2
12891.0,331.0,3,185,0
12893.0,188.14,34,30,2
12895.0,372.8,22,41,2
12897.0,216.5,4,204,0
12902.0,138.68,10,264,0
12904.0,509.58,72,17,2
12906.0,2919.81,63,11,1
12908.0,750.0,2,175,0
12909.0,2178.67,91,39,1
12910.0,3075.04,75,22,1
12912.0,1662.3,24,2,2
12913.0,2483.63,50,4,1
12915.0,363.65,22,148,0
12916.0,3006.15,107,138,1
12917.0,594.0,2,127,2
12919.0,1335.19,50,7,2
12920.0,164.23,28,16,2
12922.0,405.38,28,160,0
12923.0,176.97,29,63,2
12924.0,933.7,30,87,2
12925.0,694.05,45,4,2
12928.0,2062.7000000000003,84,34,1
12929.0,117.85,8,311,0
12930.0,415.8,25,77,2
12933.0,607.53,106,23,1
12935.0,2160.7,129,1,1
12936.0,1063.9,62,16,2
12937.0,1504.27,120,14,1
12938.0,114.14,9,25,2
12940.0,913.54,99,54,1
12942.0,683.9,75,130,2
12944.0,604.51,30,35,2
12945.0,462.95,23,287,0
12947.0,1603.99,97,143,1
12948.0,2064.95,116,15,1
12950.0,1843.0,23,1,2
12951.0,1064.07,63,8,2
12952.0,1387.79,79,5,1
12953.0,329.85,17,9,2
12956.0,108.07,19,305,0
12962.0,266.39,16,6,2
12963.0,1856.63,95,7,1
12965.0,771.91,109,88,1
12966.0,160.18,10,9,2
12967.0,1660.9,19,357,0
12968.0,135.95,5,111,2
12970.0,452.24,151,6,1
12974.0,144.8,8,197,0
12976.0,738.6,22,211,0
12977.0,39.239999999999995,9,155,0
12981.0,372.21999999999997,20,29,2
12982.0,390.54,28,242,0
12984.0,97.5,4,18,2
12985.0,1239.38,76,0,1
12987.0,558.7,28,73,2
12988.0,535.32,92,291,0
12990.0,409.5,13,30,2
12991.0,503.76,31,22,2
12993.0,414.76,27,22,2
12994.0,974.4200000000001,61,3,2
12995.0,211.32,3,84,2
12997.0,1226.89,59,21,2
12999.0,455.88,28,195,0
13000.0,534.85,31,106,2
13002.0,120.94999999999999,7,317,0
13003.0,149.05,6,105,2
13005.0,513.7,26,173,0
13006.0,81.57,4,55,2
13008.0,229.46999999999997,14,322,0
13012.0,1661.8400000000001,89,8,1
13014.0,3466.2799999999997,110,10,1
13015.0,3346.28,176,52,1
13016.0,789.89,47,72,2
13017.0,204.0,1,6,2
13021.0,2616.38,131,3,1
13023.0,689.9,40,63,2
13026.0,975.36,40,0,2
13028.0,661.3199999999999,45,22,2
13029.0,1247.5,10,30,2
13030.0,799.48,99,10,1
13032.0,1010.18,71,51,2
13033.0,190.55,11,356,0
13034.0,642.77,37,54,2
13035.0,921.88,27,73,2
13037.0,881.07,48,137,2
13038.0,908.46,28,79,2
13040.0,676.99,43,8,2
13043.0,516.42,13,272,0
13044.0,560.47,33,290,0
13045.0,305.28000000000003,18,98,2
13046.0,629.31,35,30,2
13047.0,3237.54,172,31,1
13048.0,1835.91,136,13,1
13049.0,656.6800000000001,14,63,2
13052.0,348.15000000000003,18,211,0
13055.0,1214.41,76,77,1
13058.0,271.40000000000003,8,24,2
13059.0,183.4,8,249,0
13060.0,307.53,15,253,0
13061.0,248.61,10,71,2
13062.0,346.98,11,190,0
13064.0,1119.49,69,12,2
13066.0,470.8,48,23,2
13067.0,115.46000000000001,15,81,2
13068.0,344.0,2,9,2
13070.0,228.8,9,191,0
13072.0,177.15,7,266,0
13075.0,919.61,22,129,2
13077.0,729.27,112,0,1
13079.0,220.10000000000002,6,3,2
13080.0,58.08,6,178,0
13082.0,3613.63,73,125,1
13083.0,303.75,18,3,2
13085.0,416.08000000000004,22,157,0
13091.0,345.82,21,27,2
13092.0,477.83,25,70,2
13094.0,1927.3200000000002,24,20,2
13095.0,74.39999999999999,6,70,2
13099.0,207.35999999999999,1,98,2
13101.0,101.19,8,233,0
13103.0,243.94,8,39,2
13104.0,1098.48,20,2,2
13106.0,76.5,1,132,0
13107.0,1531.6200000000001,58,43,1
13109.0,786.54,47,59,2
13110.0,1488.67,145,30,1
13115.0,2294.78,120,11,1
13116.0,501.14,30,137,2
13117.0,984.91,76,21,2
13118.0,1197.81,79,19,1
13120.0,30.599999999999998,1,238,0
13121.0,283.73,50,268,0
13122.0,922.39,55,93,2
13126.0,2099.64,140,4,1
13127.0,259.17,15,77,2
13130.0,64.0,2,93,2
13131.0,1073.3,44,22,2
13132.0,77.3,3,261,0
13133.0,109.8,7,273,0
13134.0,1793.58,98,85,1
13135.0,3096.0,1,196,1
13136.0,2607.61,127,55,1
13138.0,962.39,63,21,2
13140.0,423.72,46,107,2
13141.0,2388.75,135,84,1
13142.0,307.09,23,18,2
13144.0,110.95,3,332,0
13145.0,618.52,6,39,2
13146.0,228.91,17,25,2
13147.0,712.8000000000001,4,9,2
13149.0,1676.06,86,13,1
13151.0,1257.8700000000001,74,295,0
13153.0,486.22,15,5,2
13155.0,971.76,85,32,1
13157.0,1741.22,87,48,1
13158.0,1201.06,79,94,1
13159.0,1437.85,121,8,1
13160.0,91.8,4,21,2
13161.0,112.75,8,312,0
13162.0,1688.29,79,121,1
13165.0,1021.48,42,45,2
13166.0,417.2,41,282,0
13167.0,791.33,65,18,2
13168.0,1319.19,131,35,1
13169.0,712.88,13,63,2
13170.0,116.00999999999999,32,26,2
13171.0,468.41,46,21,2
13173.0,353.65,43,3,2
13176.0,492.84,72,45,2
13177.0,282.45,17,64,2
13182.0,121.18,11,44,2
13185.0,71.4,1,267,0
13186.0,1575.89,79,39,1
13187.0,236.02,37,336,0
13188.0,114.60000000000001,2,10,2
13189.0,260.68,29,18,2
13192.0,911.94,63,94,2
13193.0,117.88,29,60,2
13194.0,60.7,3,135,0
13196.0,1797.78,110,10,1
13200.0,870.09,46,18,2
13203.0,869.46,57,9,2
13207.0,250.26000000000002,8,14,2
13208.0,1223.9,149,58,1
13210.0,353.48,22,93,2
13211.0,1197.42,56,9,2
13212.0,788.08,142,19,1
13213.0,1520.58,90,56,1
13216.0,333.74,5,267,0
13217.0,533.98,4,121,2
13218.0,62.63999999999999,5,126,2
13220.0,819.2900000000001,21,77,2
13221.0,847.41,66,239,0
13223.0,163.20000000000002,5,199,0
13224.0,2155.95,108,59,1
13226.0,108.21000000000001,16,272,0
13227.0,257.7,9,201,0
13228.0,358.0,2,80,2
13229.0,160.95,10,225,0
13233.0,605.12,43,73,2
13235.0,1031.07,58,211,0
13236.0,744.85,36,24,2
13238.0,700.73,31,16,2
13239.0,329.56,22,261,0
13240.0,663.65,67,95,2
13242.0,270.40000000000003,13,111,2
13243.0,600.07,58,202,0
13244.0,121.74000000000001,27,92,2
13245.0,430.5,16,50,2
13246.0,1987.3,141,17,1
13247.0,501.12,25,17,2
13248.0,465.68,26,124,2
13249.0,711.41,23,91,2
13253.0,1030.4,36,156,2
13255.0,399.51,13,8,2
13256.0,0.0,1,13,2
13258.0,698.58,38,11,2
13259.0,292.32,87,61,2
13260.0,557.62,8,60,2
13261.0,944.1,9,268,0
13262.0,200.29,11,262,0
13265.0,2107.66,91,52,1
13271.0,217.38,96,36,2
13272.0,276.56,15,30,2
13273.0,138.98,16,112,2
13276.0,590.9300000000001,30,63,2
13277.0,258.4,8,15,2
13278.0,542.73,46,40,2
13279.0,137.75,9,77,2
13280.0,814.86,85,121,2
13282.0,1132.14,37,17,2
13283.0,93.66,7,59,2
13284.0,201.19,13,330,0
13291.0,361.11,42,155,0
13292.0,578.9399999999999,31,38,2
13294.0,873.74,54,189,0
13295.0,201.20000000000002,10,359,0
13296.0,87.4,5,136,0
13297.0,2089.85,59,7,1
13298.0,360.0,2,0,2
13299.0,142.5,5,267,0
13300.0,371.89,20,168,0
13301.0,618.09,81,103,2
13302.0,63.75,1,154,0
13304.0,300.42,21,350,0
13305.0,2000.86,81,3,1
13307.0,15.0,1,119,2
13308.0,1385.51,54,22,2
13309.0,1456.79,107,6,1
13310.0,1132.03,72,27,2
13311.0,598.57,26,3,2
13313.0,1555.32,78,21,1
13314.0,775.94,62,1,2
13317.0,2273.68,124,65,1
13318.0,640.76,20,0,2
13320.0,1548.7,106,77,1
13321.0,567.36,11,71,2
13322.0,199.48000000000002,25,16,2
13323.0,787.85,21,2,2
13325.0,675.3,12,81,2
13327.0,3627.77,108,38,1
13328.0,1308.48,17,315,0
13329.0,789.0,17,31,2
13330.0,1140.93,53,92,2
13332.0,350.9,21,13,2
13336.0,795.12,51,76,2
13338.0,487.02,19,157,0
13339.0,860.12,54,200,0
13341.0,775.85,42,260,0
13343.0,353.43,19,177,0
13344.0,2543.72,119,67,1
13345.0,389.5,20,287,0
13347.0,341.36,8,69,2
13348.0,233.76,14,63,2
13349.0,247.32,16,10,2
13350.0,979.12,40,15,2
13351.0,373.94,16,65,2
13352.0,397.97999999999996,24,59,2
13354.0,743.53,51,70,2
13355.0,674.7,32,121,2
13356.0,768.24,42,79,2
13357.0,609.95,90,256,0
13358.0,439.03,29,268,0
13359.0,439.56,23,63,2
13362.0,3090.7400000000002,166,8,1
13363.0,992.5,60,17,2
13364.0,134.95999999999998,10,70,2
13365.0,2225.37,128,33,1
13366.0,56.160000000000004,1,49,2
13368.0,623.4,29,256,0
13372.0,378.64,23,89,2
13373.0,3312.25,158,60,1
13375.0,778.65,37,88,2
13376.0,1019.76,53,98,2
13379.0,572.56,97,25,2
13381.0,3639.31,172,31,1
13382.0,222.99,15,280,0
13385.0,534.57,35,329,0
13388.0,677.1,35,130,2
13389.0,797.96,51,10,2
13390.0,544.08,13,74,2
13391.0,59.8,1,203,0
13394.0,2520.02,155,1,1
13395.0,307.72,21,184,0
13396.0,1360.99,43,28,2
13397.0,1544.13,38,72,2
13398.0,457.34,26,191,0
13402.0,621.23,39,126,2
13403.0,75.0,3,17,2
13404.0,252.49,11,0,2
13405.0,572.451,27,73,2
13410.0,1003.06,28,23,2
13411.0,213.55,18,106,2
13414.0,1390.5,24,133,2
13416.0,712.5,19,43,2
13417.0,640.83,28,4,2
13419.0,221.06,16,63,2
13420.0,159.85,8,149,0
13421.0,1851.08,104,39,1
13422.0,2626.3,127,63,1
13425.0,1624.21,78,107,1
13426.0,3641.32,157,0,1
13427.0,582.6,29,18,2
13428.0,218.47,74,9,2
13429.0,1006.8,67,10,2
13430.0,679.45,49,18,2
13431.0,1269.1,46,66,2
13434.0,534.24,10,73,2
13436.0,196.89,12,1,2
13437.0,3408.06,167,13,1
13439.0,283.71,54,254,0
13441.0,296.64,13,91,2
13447.0,1129.14,59,22,2
13449.0,291.88,19,23,2
13450.0,2043.7199999999998,71,26,1
13452.0,590.0,2,258,0
13453.0,356.97999999999996,17,165,0
13455.0,1058.34,46,24,2
13456.0,1766.72,63,17,1
13460.0,183.44,17,28,2
13461.0,1445.0,27,38,2
13462.0,151.5,9,252,0
13464.0,674.68,41,57,2
13466.0,307.9,17,183,0
13467.0,1083.71,99,10,1
13470.0,165.0,10,98,2
13473.0,422.64,21,60,2
13474.0,229.59,64,235,0
13475.0,1431.78,86,190,1
13476.0,1238.47,58,178,0
13477.0,1454.58,79,37,1
13479.0,300.95,15,200,0
13481.0,1804.56,109,45,1
13482.0,184.64,11,231,0
13483.0,140.34,10,65,2
13484.0,313.8,8,240,0
13485.0,454.24,23,232,0
13486.0,1122.41,69,77,2
13487.0,575.4,34,57,2
13489.0,449.52,14,104,2
13491.0,1215.82,86,51,1
13492.0,1269.84,50,135,2
13493.0,618.63,8,274,0
13494.0,316.26000000000005,18,311,0
13495.0,2044.8700000000001,48,7,1
13496.0,653.33,35,10,2
13497.0,348.05,19,282,0
13499.0,1159.11,42,17,2
13500.0,1166.77,65,22,2
13501.0,1340.32,52,287,0
13502.0,292.0,18,16,2
13503.0,216.85,17,70,2
13504.0,295.93,22,63,2
13506.0,458.52,26,315,0
13507.0,2479.16,162,2,1
13508.0,110.97,12,243,0
13509.0,979.72,44,8,2
13510.0,1791.56,115,0,1
13512.0,251.21,15,260,0
13513.0,205.1,10,126,2
13514.0,152.20000000000002,4,73,2
13515.0,891.12,59,72,2
13516.0,1389.41,44,20,2
13517.0,2128.42,141,59,1
13518.0,659.4399999999999,38,85,2
13519.0,122.75,8,77,2
13520.0,3624.35,93,58,1
13522.0,125.80000000000001,5,29,2
13524.0,680.1800000000001,27,40,2
13525.0,628.78,6,14,2
13529.0,307.76,15,78,2
13531.0,483.8,22,204,0
13532.0,210.31,66,33,2
13533.0,270.79,76,182,0
13538.0,1280.85,25,42,2
13539.0,631.34,37,85,2
13544.0,291.41,87,39,2
13546.0,626.99,98,11,2
13548.0,682.41,124,95,1
13549.0,918.2,51,25,2
13551.0,91.80000000000001,4,318,0
13557.0,584.06,34,27,2
13558.0,605.06,175,5,1
13560.0,174.37,33,6,2
13561.0,141.85999999999999,14,215,0
13562.0,1799.33,82,81,1
13563.0,777.53,49,83,2
13564.0,1749.02,83,143,1
13565.0,240.22,38,18,2
13566.0,874.71,176,40,1
13568.0,192.85,44,172,0
13569.0,373.75,85,16,2
13570.0,239.49,27,242,0
13572.0,1384.25,33,205,0
13573.0,294.4,26,49,2
13575.0,732.0699999999999,46,22,2
13577.0,1687.6000000000001,83,24,1
13579.0,467.04,23,14,2
13581.0,118.0,10,308,0
13583.0,781.03,53,155,2
13584.0,142.4,24,306,0
13587.0,712.4,8,63,2
13588.0,2478.95,174,15,1
13589.0,379.65,21,14,2
13590.0,1981.92,87,10,1
13591.0,1117.13,58,64,2
13592.0,247.95999999999998,16,35,2
13593.0,2037.0800000000002,128,107,1
13594.0,396.97,26,52,2
13596.0,697.04,166,5,1
13598.0,180.17000000000002,40,46,2
13600.0,219.52,19,311,0
13601.0,693.32,99,44,1
13602.0,428.89,23,64,2
13603.0,164.34,27,25,2
13606.0,280.53999999999996,43,28,2
13607.0,678.01,98,39,2
13611.0,1171.8,74,88,1
13615.0,417.69,23,318,0
13617.0,544.18,44,39,2
13618.0,177.34,13,173,0
13621.0,213.85,19,116,2
13623.0,747.78,81,30,2
13626.0,257.23,19,252,0
13627.0,1638.47,92,58,1
13630.0,2031.78,71,4,1
13631.0,3070.42,11,99,1
13632.0,2121.27,146,24,1
13635.0,1071.03,62,67,2
13636.0,949.12,63,36,2
13637.0,810.5,101,51,1
13638.0,122.64,8,15,2
13639.0,1033.34,40,73,2
13642.0,354.8,66,215,0
13643.0,519.44,28,30,2
13644.0,2624.26,146,15,1
13645.0,252.1,5,119,2
13647.0,1678.1200000000001,79,9,1
13649.0,346.6,23,256,0
13650.0,1836.34,96,16,1
13651.0,94.2,6,34,2
13652.0,1095.08,63,45,2
13654.0,2707.33,166,42,1
13655.0,932.97,56,113,2
13656.0,379.65,49,164,0
13657.0,382.14,16,10,2
13658.0,2639.17,108,9,1
13659.0,1573.2,104,205,1
13662.0,897.76,53,85,2
13663.0,189.47,13,178,0
13666.0,84.65,12,59,2
13667.0,305.02,87,148,2
13669.0,218.55,9,50,2
13670.0,349.7,25,74,2
13672.0,186.39000000000001,6,300,0
13673.0,396.92,65,18,2
13675.0,486.82000000000005,25,150,0
13678.0,232.6,16,151,0
13681.0,827.83,57,17,2
13682.0,59.5,3,186,0
13684.0,67.23,30,285,0
13685.0,3119.44,39,2,1
13686.0,72.0,8,182,0
13689.0,910.0,6,62,2
13690.0,172.25,9,58,2
13692.0,1488.32,53,24,2
13695.0,2504.13,90,30,1
13697.0,151.29999999999998,12,38,2
13699.0,308.58000000000004,14,154,0
13703.0,99.5,1,317,0
13704.0,2308.06,134,4,1
13705.0,711.86,28,7,2
13706.0,330.79,20,302,0
13707.0,806.41,48,266,0
13708.0,296.88,51,270,0
13710.0,180.48,8,31,2
13711.0,252.06,13,218,0
13712.0,228.84,10,246,0
13715.0,1079.34,105,280,0
13716.0,138.28,21,268,0
13717.0,1445.01,102,31,1
13718.0,306.55,12,245,0
13719.0,1041.68,60,14,2
13720.0,799.9,43,116,2
13721.0,524.14,28,35,2
13722.0,2375.41,85,131,1
13723.0,199.85000000000002,6,216,0
13725.0,1980.56,104,49,1
13726.0,1079.6599999999999,42,38,2
13727.0,333.48,20,28,2
13728.0,1016.14,63,36,2
13730.0,752.6,43,135,2
13731.0,610.59,38,218,0
13732.0,491.86,33,27,2
13737.0,339.59999999999997,30,199,0
13739.0,216.9,3,17,2
13740.0,350.75,23,240,0
13741.0,668.4300000000001,34,71,2
13743.0,1341.6,41,2,2
13744.0,1156.36,72,94,2
13745.0,300.04,25,161,0
13748.0,948.25,28,95,2
13750.0,1647.26,24,53,2
13751.0,296.25,9,287,0
13752.0,1186.28,76,123,1
13753.0,741.26,35,287,0
13754.0,282.59999999999997,12,151,0
13758.0,3190.55,117,11,1
13759.0,659.4100000000001,25,32,2
13760.0,286.79,57,53,2
13761.0,1070.65,70,49,2
13762.0,306.72,7,218,0
13763.0,1714.96,15,62,2
13769.0,2796.51,135,1,1
13771.0,2634.45,119,63,1
13772.0,1132.13,177,33,1
13774.0,345.0,22,81,2
13778.0,178.7,9,102,2
13780.0,360.01,57,6,2
13781.0,127.84,17,250,0
13782.0,912.0,115,12,1
13784.0,2462.79,31,9,1
13787.0,309.04,31,75,2
13790.0,348.8,45,3,2
13791.0,1516.0,11,127,2
13792.0,195.55,13,65,2
13799.0,688.86,39,116,2
13800.0,558.32,33,309,0
13801.0,324.8,23,66,2
13803.0,277.07,17,254,0
13804.0,2635.79,137,30,1
13805.0,924.6,13,51,2
13806.0,256.38,10,63,2
13808.0,1747.66,76,5,1
13809.0,155.05,12,304,0
13810.0,1499.01,35,28,2
13811.0,814.5,13,183,0
13812.0,539.0,36,41,2
13813.0,1366.8600000000001,69,39,1
13814.0,1579.12,57,91,1
13816.0,571.6700000000001,28,23,2
13817.0,382.98,24,28,2
13819.0,1140.35,36,301,0
13821.0,385.64,59,144,2
13822.0,632.0,96,5,2
13823.0,957.66,40,18,2
13824.0,1698.94,46,32,1
13826.0,189.5,10,175,0
13827.0,412.05,93,57,2
13828.0,209.49,15,21,2
13831.0,2202.99,74,15,1
13832.0,52.199999999999996,3,18,2
13833.0,384.8,29,158,0
13835.0,834.57,55,24,2
13837.0,271.24,19,211,0
13838.0,691.73,174,5,1
13841.0,85.0,1,252,0
13844.0,361.62,20,10,2
13845.0,312.98,9,64,2
13846.0,865.0600000000001,55,24,2
13848.0,1255.0,5,91,2
13849.0,1537.95,101,51,1
13850.0,1595.48,93,128,1
13851.0,2651.46,81,95,1
13853.0,1090.14,23,56,2
13856.0,388.5,14,168,0
13858.0,216.17,11,56,2
13859.0,201.16,28,325,0
13860.0,1245.9,76,0,1
13862.0,2209.36,139,17,1
13863.0,305.78,20,247,0
13865.0,501.56,30,57,2
13866.0,145.67000000000002,7,73,2
13867.0,1015.29,61,30,2
13868.0,3192.54,33,6,1
13870.0,2770.94,115,1,1
13873.0,389.6,23,119,2
13874.0,540.45,18,357,0
13875.0,1786.79,104,53,1
13876.0,122.7,7,63,2
13877.0,117.24,3,85,2
13878.0,1281.53,36,54,2
13880.0,3219.77,165,20,1
13882.0,1191.13,65,2,2
13883.0,2674.48,142,10,1
13884.0,787.6,59,6,2
13885.0,506.8,28,188,0
13886.0,243.56,16,70,2
13887.0,349.55,19,203,0
13888.0,605.63,40,119,2
13889.0,416.90000000000003,15,92,2
13890.0,1883.8100000000002,110,0,1
13892.0,632.97,27,26,2
13893.0,821.1,21,297,0
13894.0,564.62,27,23,2
13895.0,2593.07,118,27,1
13897.0,311.16,17,49,2
13898.0,155.93,12,325,0
13899.0,388.52,19,15,2
13900.0,740.95,43,182,0
13901.0,2867.2,149,71,1
13904.0,332.64,26,36,2
13908.0,2369.55,122,79,1
13911.0,2580.91,148,56,1
13914.0,626.45,33,11,2
13917.0,272.04,18,49,2
13918.0,1212.8400000000001,30,49,2
13919.0,384.81,28,58,2
13922.0,172.25,7,351,0
13923.0,351.13,20,53,2
13924.0,1838.8500000000001,117,1,1
13925.0,678.25,41,92,2
13926.0,223.85000000000002,11,22,2
13927.0,348.99,21,74,2
13928.0,464.57,27,10,2
13929.0,842.65,9,168,0
13930.0,337.34,17,57,2
13931.0,1237.53,58,95,2
13932.0,307.4,16,294,0
13933.0,608.7900000000001,23,108,2
13934.0,922.1,31,263,0
13936.0,376.58,26,179,0
13937.0,158.85,9,168,0
13938.0,71.66,7,34,2
13939.0,568.55,45,22,2
13940.0,839.14,49,16,2
13946.0,561.5699999999999,11,78,2
13947.0,90.6,5,64,2
13948.0,102.0,3,360,0
13949.0,2427.32,160,2,1
13950.0,745.06,35,10,2
13951.0,674.45,39,175,0
13952.0,3251.071,137,217,1
13953.0,3515.68,20,6,1
13954.0,439.92,25,1,2
13955.0,322.96,33,153,0
13956.0,1026.42,152,4,1
13959.0,598.2,92,78,2
13960.0,230.22,12,20,2
13962.0,169.55,11,21,2
13963.0,664.54,35,307,0
13967.0,80.7,2,145,0
13971.0,2758.26,149,18,1
13972.0,190.25,15,70,2
13973.0,264.7,11,286,0
13974.0,413.59000000000003,28,48,2
13976.0,357.98,10,206,0
13978.0,196.79000000000002,15,14,2
13979.0,869.87,54,72,2
13980.0,200.14,11,59,2
13982.0,1871.81,111,38,1
13983.0,2603.43,107,29,1
13984.0,920.51,16,26,2
13986.0,320.46,13,16,2
13989.0,1266.08,41,65,2
13990.0,311.3,16,212,0
13991.0,855.97,84,11,2
13992.0,76.8,5,29,2
13993.0,3466.36,121,42,1
13994.0,2313.14,155,3,1
13995.0,1393.69,86,14,1
14000.0,635.66,15,210,0
14001.0,2043.0800000000002,39,45,1
14002.0,529.73,47,133,2
14005.0,2874.72,84,9,1
14006.0,962.19,30,115,2
14009.0,695.61,42,197,0
14012.0,328.8,11,277,0
14013.0,473.02,34,109,2
14014.0,505.18,39,76,2
14015.0,917.34,20,52,2
14019.0,1421.61,66,46,1
14020.0,642.8,39,16,2
14021.0,631.9,22,154,0
14022.0,440.0,28,224,0
14023.0,584.07,31,6,2
14024.0,327.7,16,121,2
14027.0,104.82,6,60,2
14029.0,467.66,15,62,2
14032.0,2975.59,143,1,1
14034.0,651.8199999999999,89,21,2
14035.0,1428.02,66,28,1
14036.0,626.65,38,284,0
14037.0,147.20000000000002,28,175,0
14038.0,1560.38,92,77,1
14039.0,152.2,6,32,2
14041.0,141.41,21,265,0
14045.0,1659.75,6,108,2
14046.0,154.99,14,283,0
14047.0,1308.6100000000001,32,8,2
14048.0,409.93,85,304,0
14050.0,746.36,54,31,2
14052.0,225.36,56,19,2
14053.0,260.25,4,123,2
14054.0,92.46,6,64,2
14055.0,725.6400000000001,10,105,2
14059.0,183.6,8,266,0
14064.0,1353.74,80,28,1
14066.0,152.55,7,266,0
14067.0,374.7,52,63,2
14068.0,265.85,24,319,0
14073.0,151.04,13,31,2
14075.0,942.26,43,4,2
14076.0,122.47,46,128,2
14077.0,499.41999999999996,42,40,2
14078.0,1049.37,65,101,2
14079.0,375.1,12,124,2
14080.0,45.599999999999994,4,32,2
14081.0,934.52,153,301,1
14087.0,194.42,69,2,2
14089.0,161.0,14,56,2
14090.0,76.32000000000001,1,324,0
14093.0,442.85,105,11,2
14098.0,147.35,21,36,2
14100.0,194.9,26,137,2
14102.0,1360.28,79,4,1
14104.0,216.20999999999998,21,154,0
14105.0,1266.23,74,238,0
14107.0,2703.23,123,51,1
14108.0,597.91,34,30,2
14109.0,144.2,9,72,2
14111.0,692.85,10,13,2
14112.0,2915.15,160,22,1
14113.0,1840.42,34,3,2
14114.0,386.53,15,273,0
14116.0,1382.74,72,19,1
14117.0,90.0,3,143,0
14121.0,2780.15,159,3,1
14124.0,419.58000000000004,5,83,2
14125.0,2740.43,167,10,1
14126.0,706.1300000000001,15,7,2
14127.0,709.71,44,122,2
14128.0,637.5,46,60,2
14129.0,1123.8600000000001,52,1,2
14130.0,483.86,67,318,0
14133.0,605.64,28,129,2
14138.0,982.3800000000001,47,1,2
14139.0,415.82,26,45,2
14140.0,935.05,66,3,2
14141.0,915.13,40,2,2
14143.0,115.8,7,133,0
14147.0,483.4,5,77,2
14148.0,157.2,3,233,0
14149.0,446.62,28,220,0
14150.0,658.64,26,35,2
14152.0,621.29,49,74,2
14154.0,1345.62,52,238,0
14155.0,118.75,6,265,0
14157.0,432.88,48,19,2
14158.0,507.66,41,39,2
14161.0,1110.52,108,215,1
14162.0,289.36,25,173,0
14163.0,2445.91,52,86,1
14164.0,1631.77,29,70,2
14165.0,122.53999999999999,25,275,0
14167.0,574.84,52,38,2
14171.0,363.79,58,97,2
14173.0,450.84,29,10,2
14174.0,134.46,26,32,2
14175.0,3222.3,149,59,1
14176.0,576.9000000000001,31,296,0
14177.0,559.41,42,85,2
14179.0,719.78,165,40,1
14184.0,452.89,24,66,2
14185.0,197.65,3,330,0
14188.0,2054.36,65,30,1
14193.0,853.39,42,67,2
14195.0,1012.0,7,201,0
14196.0,335.52,6,106,2
14198.0,701.4,39,17,2
14199.0,185.39999999999998,2,217,0
14201.0,747.44,37,59,2
14204.0,161.03,44,1,2
14205.0,466.7,24,16,2
14206.0,328.15999999999997,20,238,0
14208.0,151.74,10,94,2
14209.0,2073.43,87,10,1
14210.0,1905.8400000000001,102,105,1
14211.0,2241.1,112,52,1
14212.0,1070.48,9,89,2
14214.0,1004.38,67,30,2
14215.0,1789.72,108,11,1
14216.0,1839.3,59,2,1
14217.0,2004.98,100,1,1
14218.0,169.48000000000002,12,42,2
14219.0,89.94,7,3,2
14220.0,632.4,21,246,0
14222.0,683.17,41,176,0
14223.0,991.13,60,91,2
14224.0,1050.12,118,109,1
14226.0,2232.19,67,28,1
14227.0,3350.96,175,25,1
14229.0,1547.2,40,51,2
14231.0,925.71,50,183,0
14232.0,2048.07,115,42,1
14233.0,1462.72,35,48,2
14234.0,775.46,159,21,1
14235.0,3144.86,79,74,1
14236.0,490.86,15,80,2
14238.0,146.85,8,325,0
14239.0,2380.85,112,42,1
14240.0,890.34,42,29,2
14241.0,213.70000000000002,10,183,0
14242.0,280.55,16,234,0
14243.0,2588.77,141,8,1
14245.0,1693.45,108,219,1
14246.0,1474.06,75,110,1
14247.0,136.76999999999998,20,277,0
14248.0,302.58,8,317,0
14250.0,1904.05,111,6,1
14251.0,2879.7000000000003,78,1,1
14256.0,969.0600000000001,53,259,0
14257.0,3099.7200000000003,106,63,1
14259.0,120.0,5,141,0
14261.0,1163.45,52,50,2
14262.0,2618.23,143,7,1
14264.0,333.97,17,154,0
14265.0,530.18,31,108,2
14267.0,1516.24,55,162,2
14270.0,492.65000000000003,29,331,0
14271.0,112.32,10,225,0
14272.0,437.96,33,73,2
14273.0,559.97,29,50,2
14276.0,1119.74,64,98,2
14280.0,134.04,8,196,0
14284.0,595.25,32,30,2
14285.0,1910.01,27,20,2
14287.0,176.63,9,7,2
14288.0,426.6,16,212,0
14289.0,911.26,47,8,2
14290.0,2314.65,101,10,1
14293.0,1046.56,61,2,2
14295.0,166.20000000000002,5,39,2
14297.0,1305.33,62,17,2
14300.0,43.2,3,18,2
14301.0,640.14,13,116,2
14304.0,383.45,17,222,0
14305.0,1858.96,105,70,1
14306.0,2093.32,33,50,1
14309.0,2352.53,117,7,1
14311.0,310.26,20,242,0
14312.0,1611.59,87,46,1
14314.0,120.0,8,106,2
14315.0,2481.13,101,44,1
14317.0,508.58000000000004,24,64,2
14320.0,477.79,31,206,0
14321.0,1530.75,123,10,1
14323.0,605.0600000000001,36,114,2
14326.0,183.85,8,241,0
14327.0,311.65,12,162,0
14331.0,462.65999999999997,28,123,2
14332.0,866.31,26,22,2
14333.0,415.2,15,67,2
14334.0,2552.21,162,16,1
14335.0,468.26,63,15,2
14336.0,1614.91,90,16,1
14338.0,588.22,31,160,0
14339.0,309.52,14,242,0
14340.0,134.7,6,218,0
14341.0,2182.28,129,44,1
14342.0,668.5600000000001,21,20,2
14344.0,889.9300000000001,71,126,2
14345.0,108.97999999999999,6,38,2
14346.0,1021.58,60,120,2
14348.0,409.57,18,259,0
14349.0,133.5,31,9,2
14350.0,282.93,18,273,0
14351.0,51.0,1,164,0
14352.0,1078.96,47,156,2
14353.0,90.6,6,214,0
14354.0,163.62,9,5,2
14356.0,701.23,33,79,2
14357.0,225.77,41,42,2
14359.0,912.18,55,18,2
14360.0,2128.23,118,31,1
14362.0,161.2,41,21,2
14368.0,155.0,8,319,0
14371.0,100.5,4,294,0
14373.0,76.55,4,357,0
14375.0,257.68,75,184,0
14377.0,617.05,11,190,0
14379.0,348.1,46,43,2
14381.0,202.68,56,51,2
14382.0,626.0699999999999,131,25,1
14383.0,1247.69,59,37,2
14385.0,202.11,14,8,2
14386.0,142.4,7,296,0
14387.0,1770.56,140,32,1
14389.0,1043.46,45,64,2
14393.0,67.95,5,217,0
14396.0,487.99,73,64,2
14397.0,2612.96,87,2,1
14400.0,574.7,25,148,0
14403.0,1475.81,20,129,2
14404.0,1474.32,103,33,1
14406.0,156.75,8,118,2
14407.0,2157.73,73,106,1
14408.0,2606.53,107,10,1
14409.0,2059.4500000000003,54,70,1
14411.0,1063.0,14,310,0
14412.0,770.03,43,42,2
14414.0,1496.98,97,91,1
14416.0,490.22,14,21,2
14418.0,1937.25,124,3,1
14420.0,387.52,29,98,2
14421.0,813.11,27,56,2
14423.0,265.2,3,217,0
14424.0,322.08,1,17,2
14427.0,363.34000000000003,17,49,2
14428.0,1244.83,144,6,1
14431.0,470.36,17,302,0
14434.0,1372.8,12,21,2
14436.0,89.06,9,98,2
14438.0,131.9,9,305,0
14439.0,2661.24,32,319,0
14440.0,2357.6800000000003,55,7,1
14441.0,1712.89,51,0,1
14442.0,1589.82,63,204,0
14443.0,1420.2,93,53,1
14447.0,1163.23,70,18,2
14448.0,375.35,20,8,2
14450.0,483.25,40,180,0
14451.0,662.59,109,59,1
14452.0,264.44,62,10,2
14453.0,119.93,22,189,0
14457.0,113.64,4,310,0
14459.0,1837.92,37,154,2
14460.0,434.34,16,109,2
14463.0,529.62,6,97,2
14465.0,1058.6200000000001,130,246,1
14466.0,2272.4,72,28,1
14467.0,598.76,90,17,2
14470.0,461.19,43,11,2
14473.0,234.34000000000003,7,73,2
14474.0,547.66,29,45,2
14475.0,925.85,42,71,2
14476.0,215.7,19,256,0
14477.0,1309.6,10,19,2
14479.0,316.25,18,253,0
14480.0,279.05,13,10,2
14481.0,636.51,30,164,0
14482.0,2068.15,144,17,1
14483.0,137.1,9,281,0
14484.0,321.92,14,49,2
14485.0,165.75,47,38,2
14487.0,1196.33,144,26,1
14488.0,1064.28,46,67,2
14489.0,463.38,30,206,0
14491.0,340.93,17,174,0
14493.0,2383.2400000000002,120,6,1
14494.0,139.56,7,25,2
14495.0,123.8,6,50,2
14496.0,538.8100000000001,19,311,0
14497.0,475.37,29,308,0
14500.0,356.85,7,87,2
14501.0,251.21,10,183,0
14503.0,3543.26,164,2,1
14504.0,673.26,107,46,1
14507.0,1383.18,96,23,1
14508.0,276.42,57,21,2
14511.0,1314.81,68,10,1
14512.0,275.28,23,187,0
14513.0,455.59000000000003,12,100,2
14514.0,1055.35,73,60,2
14515.0,2102.09,101,17,1
14517.0,330.45,18,32,2
14518.0,174.37,16,63,2
14520.0,270.6,4,1,2
14522.0,974.54,17,23,2
14523.0,241.09,12,107,2
14528.0,364.21999999999997,18,36,2
14532.0,932.85,64,235,0
14533.0,1949.72,62,24,1
14536.0,171.8,19,259,0
14537.0,355.56,10,57,2
14538.0,388.25,19,64,2
14539.0,537.48,32,15,2
14540.0,996.26,76,9,2
14541.0,1461.65,111,58,1
14542.0,103.25,5,185,0
14543.0,3630.33,72,28,1
14544.0,2024.45,114,23,1
14548.0,652.8,4,150,0
14549.0,289.24,56,310,0
14550.0,765.62,48,10,2
14551.0,186.23,10,17,2
14552.0,165.07,58,151,0
14553.0,859.27,113,18,1
14555.0,324.14,21,56,2
14557.0,788.38,16,84,2
14560.0,2237.77,74,6,1
14561.0,1080.76,69,75,2
14565.0,3099.12,127,95,1
14566.0,1432.0,4,110,2
14567.0,1530.3600000000001,33,56,2
14569.0,227.39,12,0,2
14570.0,218.06,29,280,0
14577.0,859.71,123,12,1
14578.0,168.63,24,2,2
14581.0,138.6,17,16,2
14582.0,114.11,6,40,2
14584.0,1042.26,100,168,1
14585.0,157.05,29,49,2
14586.0,237.36,19,276,0
14592.0,570.46,164,34,1
14593.0,617.99,152,21,1
14594.0,379.83,53,6,2
14595.0,1740.6,102,19,1
14597.0,883.15,55,10,2
14598.0,221.97,50,43,2
14600.0,393.33000000000004,25,305,0
14601.0,213.96,7,10,2
14603.0,660.0,2,274,0
14608.0,1785.15,20,3,2
14609.0,601.56,4,71,2
14616.0,406.08000000000004,3,242,0
14618.0,553.44,16,8,2
14619.0,394.44,20,245,0
14620.0,412.78000000000003,26,205,0
14621.0,1788.3600000000001,92,0,1
14622.0,320.58000000000004,21,184,0
14623.0,889.25,134,31,1
14624.0,225.85,13,56,2
14625.0,899.63,53,195,0
14626.0,2791.27,122,23,1
14628.0,671.96,24,90,2
14629.0,959.01,152,3,1
14631.0,1006.98,41,50,2
14632.0,114.56,8,262,0
14633.0,344.90000000000003,20,265,0
14636.0,609.85,28,35,2
14638.0,443.6,16,50,2
14639.0,2984.49,172,51,1
14640.0,2125.08,106,23,1
14641.0,110.46,7,21,2
14642.0,96.12,2,58,2
14643.0,693.8100000000001,31,169,0
14644.0,830.76,26,67,2
14645.0,597.09,30,156,0
14647.0,243.22,30,200,0
14651.0,654.6,102,66,1
14652.0,114.18,29,76,2
14655.0,1932.23,49,7,1
14656.0,291.05,80,168,0
14657.0,848.22,126,17,1
14658.0,247.15,29,4,2
14660.0,285.74,30,86,2
14661.0,107.95,4,26,2
14662.0,771.17,168,28,1
14664.0,637.89,99,19,2
14665.0,1835.7,90,60,1
14666.0,195.25,14,23,2
14669.0,1269.99,170,241,1
14670.0,411.53,132,279,0
14672.0,765.55,61,234,0
14673.0,1736.4,74,2,1
14675.0,604.75,102,15,2
14676.0,2548.2400000000002,42,30,1
14681.0,498.95,7,70,2
14682.0,52.0,2,187,0
14687.0,628.38,15,106,2
14689.0,112.8,13,208,0
14690.0,371.7,50,43,2
14691.0,2114.33,71,30,1
14692.0,591.55,68,136,2
14693.0,172.9,8,264,0
14696.0,2078.95,130,3,1
14697.0,188.60999999999999,22,217,0
14699.0,109.13000000000001,8,213,0
14700.0,2235.3,115,31,1
14703.0,318.17,22,14,2
14705.0,179.0,1,198,0
14708.0,1126.37,28,2,2
14710.0,606.13,139,13,1
14712.0,917.07,25,28,2
14714.0,160.19,10,23,2
14715.0,867.38,71,24,2
14716.0,329.68,55,42,2
14720.0,663.81,37,5,2
14722.0,187.92000000000002,29,146,0
14725.0,718.08,52,24,2
14727.0,268.58,10,273,0
14731.0,380.02,45,46,2
14732.0,2702.4900000000002,147,7,1
14737.0,1164.55,17,3,2
14738.0,1314.45,54,42,2
14740.0,1448.21,89,196,1
14741.0,1400.34,59,11,2
14744.0,1099.98,26,15,2
14745.0,1220.26,69,112,2
14747.0,328.2,18,248,0
14748.0,1415.75,89,28,1
14752.0,389.64,5,43,2
14753.0,563.15,30,86,2
14754.0,638.05,41,44,2
14756.0,738.96,38,14,2
14757.0,420.5,19,74,2
14758.0,1484.06,71,144,1
14759.0,1625.97,102,4,1
14760.0,89.2,5,296,0
14761.0,255.9,11,58,2
14762.0,300.52,21,263,0
14764.0,278.3,6,46,2
14765.0,254.11,39,28,2
14766.0,2473.37,135,7,1
14768.0,192.60000000000002,5,16,2
14770.0,876.42,52,231,0
14772.0,139.26,9,111,2
14775.0,1011.9,60,57,2
14776.0,2538.3,117,50,1
14778.0,730.86,35,126,2
14779.0,386.15,41,280,0
14780.0,447.68,27,54,2
14782.0,200.10000000000002,6,319,0
14784.0,289.99,15,25,2
14785.0,77.4,3,9,2
14788.0,679.4399999999999,30,6,2
14789.0,197.64,6,28,2
14790.0,745.06,46,16,2
14792.0,6.2,2,63,2
14793.0,228.99,14,20,2
14794.0,1319.91,80,2,1
14795.0,131.45000000000002,6,165,0
14798.0,173.74,12,52,2
14799.0,157.7,13,50,2
14801.0,193.14,59,60,2
14803.0,845.55,44,161,0
14804.0,353.27,12,8,2
14805.0,554.65,47,14,2
14806.0,193.39000000000001,11,74,2
14815.0,778.5,53,36,2
14816.0,271.85,4,196,0
14817.0,1110.34,63,199,0
14818.0,657.8,48,73,2
14819.0,272.07,13,63,2
14820.0,507.29,29,20,2
14823.0,321.43,70,179,0
14824.0,1127.71,29,9,2
14825.0,2226.91,121,3,1
14828.0,2139.76,17,196,0
14829.0,697.55,42,28,2
14830.0,197.13,40,52,2
14834.0,1720.3,67,17,1
14836.0,102.44999999999999,6,9,2
14837.0,1649.5,108,89,1
14840.0,62.85,4,267,0
14841.0,3295.76,138,52,1
14842.0,2824.69,145,43,1
14844.0,3189.81,130,63,1
14847.0,309.4,13,148,0
14850.0,325.75,21,311,0
14851.0,511.35,28,22,2
14852.0,2836.69,143,57,1
14853.0,475.8,9,23,2
14854.0,2759.83,127,77,1
14855.0,645.65,20,118,2
14856.0,1311.3799999999999,66,35,2
14857.0,1173.12,60,59,2
14859.0,1353.74,58,12,2
14860.0,170.32,11,18,2
14861.0,125.79,6,51,2
14862.0,841.1999999999999,48,25,2
14863.0,266.76,11,28,2
14865.0,52.2,4,6,2
14867.0,710.28,36,185,0
14868.0,2953.59,144,2,1
14869.0,725.7,71,8,2
14870.0,327.25,13,261,0
14871.0,522.38,98,2,2
14873.0,519.68,28,209,0
14875.0,1465.3200000000002,47,107,2
14878.0,1485.54,124,12,1
14880.0,706.19,47,76,2
14881.0,255.4,17,19,2
14882.0,589.7,11,26,2
14883.0,761.59,53,18,2
14885.0,765.3199999999999,15,131,2
14886.0,364.8,18,252,0
14887.0,1862.0,6,78,2
14888.0,369.2,20,206,0
14889.0,135.9,10,335,0
14890.0,125.65,7,253,0
14891.0,554.38,33,147,2
14893.0,1237.8500000000001,73,9,1
14894.0,655.75,23,84,2
14896.0,468.77000000000004,43,204,0
14897.0,1366.38,55,7,2
14898.0,1303.52,116,22,1
14901.0,1421.29,96,10,1
14902.0,332.66,20,25,2
14904.0,1025.44,69,1,2
14905.0,616.15,17,157,0
14907.0,3501.1,165,2,1
14908.0,277.8,9,73,2
14910.0,434.35,30,2,2
14912.0,867.85,27,16,2
14913.0,1227.43,87,35,1
14915.0,307.48,12,90,2
14916.0,1268.98,77,70,1
14918.0,1610.15,45,115,2
14920.0,977.77,57,212,0
14921.0,1316.07,78,29,1
14923.0,749.1,44,50,2
14924.0,310.05,10,245,0
14929.0,223.88,11,31,2
14930.0,2372.86,128,108,1
14931.0,1257.68,41,4,2
14934.0,1890.94,87,81,1
14935.0,1784.71,10,296,0
14937.0,1621.88,34,56,2
14946.0,100.9,3,13,2
14947.0,290.82,14,71,2
14948.0,1101.97,63,22,2
14950.0,371.2,19,18,2
14951.0,311.69,20,78,2
14953.0,289.82,55,24,2
14954.0,336.17,85,11,2
14957.0,58.49,12,252,0
14958.0,499.68,42,146,2
14959.0,695.42,59,63,2
14960.0,221.27,27,7,2
14962.0,126.7,5,270,0
14964.0,206.21,13,246,0
14965.0,599.0,83,95,2
14966.0,191.32,38,14,2
14967.0,463.8,6,49,2
14968.0,147.59,37,29,2
14970.0,1592.06,34,67,2
14971.0,1116.57,160,34,1
14972.0,114.77,18,127,2
14973.0,1314.45,32,106,2
14974.0,114.39,21,36,2
14975.0,279.94,11,56,2
14976.0,790.86,72,56,2
14981.0,102.12,8,245,0
14984.0,213.27,41,18,2
14985.0,296.75,87,197,0
14987.0,326.4,4,15,2
14988.0,334.54,40,211,0
14995.0,233.23000000000002,61,38,2
14997.0,546.1999999999999,26,45,2
14998.0,429.87,75,169,0
15000.0,490.52,77,47,2
15002.0,1641.76,115,115,1
15004.0,1246.32,158,146,1
15006.0,502.09,144,50,1
15007.0,156.91,12,158,0
15010.0,308.94,20,35,2
15012.0,423.04,128,53,1
15014.0,260.17,35,42,2
15016.0,170.04,20,172,0
15017.0,125.58,20,33,2
15018.0,496.21000000000004,31,38,2
15019.0,266.0,70,266,0
15022.0,905.04,135,11,1
15024.0,1661.33,155,9,1
15025.0,377.01,72,32,2
15026.0,469.0,61,79,2
15027.0,1066.1499999999999,35,30,2
15028.0,627.13,48,7,2
15030.0,518.28,7,71,2
15031.0,668.14,111,3,1
15035.0,252.73000000000002,27,89,2
15036.0,465.55,127,71,1
15038.0,705.49,130,58,1
15041.0,180.35,67,169,0
15042.0,135.93,5,198,0
15043.0,537.0,3,30,2
15045.0,735.66,12,151,0
15047.0,343.62,22,269,0
15048.0,384.05,97,64,2
15049.0,121.17000000000002,3,273,0
15050.0,1782.09,78,24,1
15051.0,1391.61,143,22,1
15052.0,215.78,30,318,0
15053.0,697.79,71,4,2
15054.0,302.1,114,11,2
15057.0,1489.5,25,274,0
15060.0,303.09,121,7,1
15062.0,987.86,57,70,2
15063.0,370.79999999999995,5,212,0
15065.0,3158.13,155,37,1
15066.0,893.59,42,52,2
15067.0,1744.76,82,77,1
15068.0,553.36,104,45,2
15069.0,1109.53,70,178,0
15071.0,982.07,26,93,2
15073.0,1043.41,54,9,2
15074.0,748.87,42,104,2
15075.0,773.03,27,77,2
15076.0,880.85,49,172,0
15079.0,895.61,47,212,0
15081.0,504.8,33,21,2
15083.0,88.2,5,256,0
15087.0,306.94,15,281,0
15088.0,1160.07,57,20,2
15089.0,2420.84,145,9,1
15090.0,381.32,23,307,0
15091.0,480.71,30,67,2
15092.0,457.81,26,214,0
15095.0,1370.6,47,103,2
15096.0,219.39000000000001,11,42,2
15097.0,248.08,25,3,2
15099.0,410.48,23,83,2
15100.0,876.0,3,333,0
15101.0,317.53,8,8,2
15103.0,703.36,35,30,2
15104.0,1027.44,69,196,0
15105.0,2298.93,101,17,1
15106.0,1422.52,100,17,1
15107.0,319.5,17,310,0
15108.0,1300.25,60,141,2
15109.0,484.95,28,245,0
15110.0,996.1,35,23,2
15111.0,1567.48,84,28,1
15113.0,3609.33,100,9,1
15115.0,340.11,21,17,2
15116.0,1352.75,45,17,2
15117.0,1551.78,79,14,1
15118.0,244.8,1,133,0
15119.0,266.4,14,245,0
15120.0,358.82,21,133,2
15121.0,457.72,28,49,2
15122.0,1633.78,82,113,1
15123.0,2199.31,106,6,1
15124.0,184.19,15,22,2
15127.0,406.53,16,65,2
15128.0,1471.0,102,59,1
15129.0,3447.4,84,49,1
15130.0,330.11,22,169,0
15132.0,977.9300000000001,52,17,2
15133.0,982.42,29,127,2
15134.0,1387.99,73,14,1
15135.0,139.05,9,238,0
15136.0,1286.7,68,2,1
15139.0,178.96,13,239,0
15140.0,2354.25,80,51,1
15142.0,498.74,26,45,2
15143.0,259.45,14,225,0
15145.0,1194.73,67,3,2
15146.0,1327.16,91,164,1
15147.0,623.5,28,239,0
15148.0,301.29,20,10,2
15149.0,520.8000000000001,23,133,2
15153.0,329.25,22,30,2
15154.0,296.42,85,74,2
15156.0,961.49,55,0,2
15157.0,1936.07,125,3,1
15158.0,401.40000000000003,7,44,2
15160.0,158.16,4,356,0
15163.0,304.47,29,17,2
15164.0,843.05,103,68,1
15167.0,163.0,41,320,0
15168.0,106.56,5,25,2
15171.0,1289.5,5,330,0
15172.0,1624.05,110,8,1
15174.0,135.75,11,322,0
15175.0,224.14,23,71,2
15178.0,40.5,3,259,0
15179.0,2206.95,93,17,1
15181.0,689.4799999999999,16,65,2
15182.0,622.85,29,153,0
15184.0,406.76,63,28,2
15185.0,310.62,21,69,2
15186.0,411.41,19,13,2
15192.0,1044.32,51,119,2
15193.0,499.32,19,60,2
15197.0,1079.6100000000001,32,10,2
15198.0,193.64,10,91,2
15199.0,1268.7,13,58,2
15201.0,1236.54,69,86,2
15203.0,1827.8,142,25,1
15204.0,316.58,9,356,0
15205.0,653.24,37,84,2
15206.0,420.29999999999995,9,9,2
15208.0,870.12,42,0,2
15210.0,331.18,20,224,0
15211.0,894.4100000000001,52,59,2
15212.0,101.8,5,240,0
15213.0,328.35,24,318,0
15214.0,1661.44,110,1,1
15215.0,734.94,35,46,2
15216.0,96.6,2,87,2
15219.0,305.75,9,175,0
15220.0,1778.96,117,51,1
15222.0,585.0,5,318,0
15223.0,755.75,20,225,0
15224.0,322.08,14,357,0
15225.0,409.40000000000003,23,233,0
15226.0,154.41,8,310,0
15227.0,1219.4,58,36,2
15228.0,3386.71,125,65,1
15230.0,429.6,23,238,0
15232.0,612.06,31,112,2
15234.0,197.0,14,276,0
15235.0,2247.51,143,217,1
15236.0,321.05,15,298,0
15237.0,1412.32,99,1,1
15238.0,1071.99,50,28,2
15239.0,780.59,49,9,2
15240.0,1706.57,78,44,1
15241.0,1756.44,110,66,1
15243.0,316.68,22,73,2
15244.0,631.57,34,64,2
15245.0,2515.84,89,133,1
15246.0,514.15,33,237,0
15247.0,356.0,6,121,2
15252.0,740.78,44,35,2
15253.0,918.1999999999999,53,15,2
15254.0,300.36,18,126,2
15255.0,890.85,47,66,2
15256.0,98.45,6,148,0
15257.0,317.15,7,282,0
15258.0,623.16,34,168,0
15260.0,1810.77,77,99,1
15261.0,254.82,19,134,2
15262.0,178.95000000000002,10,323,0
15263.0,156.51,12,106,2
15264.0,393.74,23,63,2
15265.0,1506.1200000000001,82,150,1
15266.0,119.3,6,337,0
15267.0,1717.36,11,21,2
15269.0,408.8,2,23,2
15270.0,2379.49,41,15,1
15272.0,721.94,63,56,2
15274.0,716.57,47,3,2
15275.0,615.14,41,37,2
15276.0,135.31,52,65,2
15277.0,255.89999999999998,12,46,2
15279.0,290.51,19,354,0
15280.0,113.12,16,171,0
15281.0,2332.15,139,58,1
15286.0,240.55,3,49,2
15287.0,486.69,20,21,2
15288.0,2306.52,88,42,1
15289.0,939.78,58,28,2
15292.0,180.94,25,200,0
15297.0,641.94,39,9,2
15300.0,496.44,28,63,2
15303.0,574.02,31,289,0
15304.0,694.4000000000001,23,60,2
15306.0,1174.35,58,63,2
15307.0,205.3,12,95,2
15308.0,310.47,19,273,0
15312.0,924.85,47,74,2
15313.0,52.0,1,109,2
15314.0,327.97,24,198,0
15315.0,570.5,37,63,2
15316.0,165.0,1,326,0
15318.0,312.62,33,3,2
15319.0,204.5,16,283,0
15320.0,267.13,36,43,2
15321.0,2748.31,95,70,1
15322.0,679.68,42,85,2
15325.0,162.29,49,103,2
15326.0,311.71,29,333,0
15327.0,208.75,10,52,2
15329.0,1049.7,57,38,2
15330.0,714.96,13,31,2
15333.0,1028.56,16,207,0
15334.0,351.67,99,156,2
15335.0,173.97,36,53,2
15339.0,574.07,86,65,2
15341.0,2020.52,17,80,2
15342.0,406.09,24,129,2
15343.0,364.5,21,86,2
15344.0,563.94,26,0,2
15345.0,393.54,20,45,2
15346.0,252.42000000000002,17,332,0
15348.0,158.04,9,71,2
15349.0,473.81,72,157,2
15353.0,777.02,63,254,0
15355.0,277.05,14,28,2
15360.0,427.93,13,39,2
15364.0,913.19,29,95,2
15365.0,2314.32,114,25,1
15366.0,602.51,44,74,2
15367.0,1877.59,95,56,1
15368.0,446.94000000000005,4,20,2
15370.0,2386.05,94,40,1
15372.0,2007.3999999999999,27,136,2
15373.0,2415.91,132,7,1
15374.0,168.0,3,128,2
15376.0,1233.3600000000001,117,39,1
15380.0,1690.2600000000002,36,8,2
15381.0,596.85,8,213,0
15384.0,642.41,41,169,0
15385.0,316.88,12,39,2
15386.0,394.14,31,185,0
15388.0,140.54,10,269,0
15389.0,500.0,1,171,0
15392.0,1535.53,84,4,1
15393.0,231.86,12,15,2
15394.0,2183.54,85,9,1
15395.0,107.45,7,325,0
15396.0,288.18,14,112,2
15397.0,94.0,6,289,0
15398.0,1345.53,73,15,1
15399.0,815.77,50,0,2
15400.0,716.2,12,91,2
15402.0,626.77,42,148,2
15405.0,349.1,8,188,0
15406.0,510.71000000000004,53,30,2
15407.0,1056.44,153,33,1
15408.0,267.18,34,263,0
15410.0,3450.84,122,83,1
15411.0,1358.88,99,25,1
15412.0,190.53,10,170,0
15414.0,774.9000000000001,39,9,2
15415.0,572.8100000000001,48,312,0
15417.0,508.8,28,84,2
15419.0,135.86,8,24,2
15421.0,950.36,53,58,2
15422.0,97.7,6,322,0
15423.0,43.5,2,37,2
15424.0,383.34,17,253,0
15428.0,93.78,6,14,2
15429.0,397.35,82,26,2
15432.0,171.19,10,22,2
15433.0,533.3,41,213,0
15434.0,1041.48,55,7,2
15435.0,149.29,29,21,2
15437.0,200.16,45,261,0
15438.0,156.57999999999998,25,130,2
15440.0,383.68,62,54,2
15442.0,594.0,2,248,0
15445.0,113.5,5,263,0
15447.0,155.17,9,330,0
15448.0,494.64,28,312,0
15449.0,974.52,60,25,2
15450.0,429.84,30,29,2
15452.0,538.73,58,29,2
15456.0,447.22,60,282,0
15457.0,237.07,58,261,0
15458.0,161.64,7,24,2
15460.0,216.76,58,353,0
15462.0,234.6,11,93,2
15463.0,126.14,7,28,2
15464.0,1048.85,157,337,1
15466.0,334.53,57,84,2
15467.0,524.88,52,8,2
15468.0,467.51,24,50,2
15469.0,538.55,24,49,2
15471.0,469.48,77,1,2
15472.0,371.56,76,112,2
15473.0,1771.2,11,13,2
15475.0,454.10999999999996,29,76,2
15478.0,1441.42,46,39,2
15480.0,905.5,45,115,2
15483.0,233.81,88,160,2
15485.0,2575.0,86,29,1
15488.0,91.32000000000001,2,92,2
15489.0,1134.28,50,22,2
15491.0,3100.09,154,94,1
15492.0,659.4599999999999,35,27,2
15494.0,1299.23,125,20,1
15497.0,1262.2,15,17,2
15500.0,1131.56,68,7,2
15504.0,52.83,13,80,2
15505.0,3610.96,97,52,1
15506.0,979.26,164,22,1
15507.0,492.36,46,171,0
15508.0,1000.27,92,188,0
15510.0,250.0,1,330,0
15511.0,909.23,160,11,1
15512.0,121.0,7,155,0
15516.0,62.43,15,44,2
15517.0,267.03,27,232,0
15520.0,343.5,18,1,2
15522.0,398.84,57,32,2
15523.0,412.01000000000005,10,83,2
15524.0,440.0,1,24,2
15525.0,825.92,178,1,1
15526.0,148.44,4,32,2
15527.0,2429.78,163,18,1
15528.0,229.33,26,253,0
15530.0,1502.35,108,21,1
15533.0,807.57,83,18,2
15535.0,536.4,75,172,0
15537.0,110.92,24,162,0
15539.0,538.46,41,6,2
15540.0,213.3,15,10,2
15541.0,85.13000000000001,29,113,2
15543.0,127.86,28,287,0
15545.0,292.71999999999997,81,53,2
15549.0,1693.26,115,76,1
15550.0,575.63,61,3,2
15551.0,436.06,29,36,2
15552.0,90.12,17,216,0
15553.0,437.23,56,59,2
15554.0,217.2,14,277,0
15556.0,279.77,31,23,2
15557.0,473.65000000000003,20,28,2
15561.0,800.59,27,11,2
15562.0,134.55,1,351,0
15563.0,1400.44,113,21,1
15565.0,173.16,8,49,2
15567.0,186.01,7,18,2
15568.0,758.29,53,2,2
15569.0,1375.71,31,103,2
15571.0,650.4300000000001,57,11,2
15573.0,607.45,104,31,2
15574.0,702.25,168,177,1
15576.0,940.6700000000001,45,37,2
15577.0,258.88,39,150,0
15578.0,127.1,13,161,0
15579.0,348.6,51,68,2
15581.0,3679.9700000000003,150,120,1
15582.0,682.9100000000001,44,24,2
15584.0,725.11,123,23,1
15585.0,455.3,31,176,0
15587.0,913.6800000000001,9,49,2
15589.0,478.53000000000003,29,255,0
15592.0,388.58,24,46,2
15593.0,199.8,5,70,2
15594.0,1771.78,103,15,1
15596.0,1406.59,77,100,1
15597.0,324.57,22,34,2
15598.0,240.68,14,52,2
15599.0,761.74,52,26,2
15602.0,1297.8700000000001,47,7,2
15603.0,48.480000000000004,2,78,2
15604.0,216.39,17,51,2
15605.0,1198.23,67,35,2
15606.0,2920.16,77,60,1
15607.0,104.76,13,336,0
15608.0,1093.68,60,27,2
15609.0,298.48,16,183,0
15610.0,112.46000000000001,6,51,2
15611.0,1591.45,43,9,2
15612.0,195.15,6,35,2
15618.0,776.851,45,32,2
15619.0,336.40000000000003,3,10,2
15620.0,1553.18,100,56,1
15621.0,1293.03,16,3,2
15623.0,301.03,19,140,0
15624.0,588.13,34,116,2
15625.0,1534.26,64,103,1
15626.0,675.8,49,74,2
15628.0,2870.2400000000002,155,4,1
15630.0,1186.35,60,44,2
15632.0,3285.31,167,15,1
15634.0,243.55,15,16,2
15636.0,724.76,25,89,2
15637.0,223.36,15,52,2
15639.0,425.32,25,133,2
15641.0,1887.2,119,104,1
15643.0,664.0,33,191,0
15645.0,612.01,52,18,2
15646.0,447.64000000000004,35,157,0
15648.0,657.35,25,203,0
15649.0,816.0,2,335,0
15651.0,646.3,32,36,2
15652.0,337.74,21,90,2
15653.0,877.4399999999999,6,92,2
15654.0,922.53,21,8,2
15655.0,560.67,34,242,0
15656.0,748.5,47,44,2
15657.0,30.0,1,22,2
15658.0,1024.1000000000001,48,189,0
15659.0,306.45,11,43,2
15660.0,1600.86,90,24,1
15661.0,309.8,5,316,0
15663.0,138.14,9,105,2
15664.0,386.43,17,50,2
15665.0,2242.01,116,167,1
15667.0,301.32,13,39,2
15668.0,76.32000000000001,1,217,0
15669.0,684.34,33,39,2
15670.0,173.05,12,296,0
15671.0,2657.13,78,18,1
15673.0,2881.02,155,87,1
15674.0,2446.6,114,72,1
15675.0,323.69,21,80,2
15677.0,657.23,33,48,2
15678.0,352.7,12,52,2
15679.0,781.28,110,23,1
15680.0,1333.68,78,8,1
15681.0,1426.16,53,24,2
15683.0,193.75,10,116,2
15687.0,2993.1,166,8,1
15689.0,254.1,9,119,2
15690.0,239.76,19,3,2
15691.0,136.8,2,251,0
15692.0,191.04,12,27,2
15695.0,409.98,22,266,0
15696.0,2736.46,171,32,1
15699.0,309.65,18,17,2
15700.0,696.68,86,171,0
15703.0,211.5,5,264,0
15704.0,2293.62,117,139,1
15705.0,143.1,6,200,0
15706.0,1060.56,55,63,2
15709.0,133.25,6,283,0
15712.0,1072.3600000000001,53,8,2
15713.0,356.7,19,142,0
15714.0,330.88,35,11,2
15716.0,1118.81,118,145,1
15717.0,150.3,7,233,0
15720.0,598.73,128,23,1
15721.0,507.08,91,11,2
15722.0,2222.56,69,35,1
15724.0,218.25,11,200,0
15725.0,415.25,32,14,2
15729.0,85.0,5,212,0
15730.0,1120.88,70,65,2
15732.0,294.12,14,211,0
15733.0,162.3,10,282,0
15734.0,1339.45,26,114,2
15737.0,1205.1200000000001,72,14,2
15739.0,449.12,8,65,2
15740.0,154.88,9,48,2
15743.0,784.46,88,15,2
15744.0,34.8,3,77,2
15745.0,1094.59,62,18,2
15746.0,196.88,28,133,2
15747.0,974.04,93,12,1
15748.0,149.31,21,39,2
15753.0,79.2,1,304,0
15754.0,458.57,28,50,2
15755.0,2364.25,141,9,1
15757.0,714.42,45,65,2
15758.0,205.25,9,24,2
15759.0,253.04,7,217,0
15762.0,583.75,37,64,2
15763.0,1086.92,61,31,2
15766.0,315.06,11,63,2
15768.0,621.8299999999999,27,115,2
15773.0,635.6800000000001,10,5,2
15774.0,270.8,25,68,2
15775.0,104.9,7,244,0
15776.0,241.62,18,132,2
15777.0,1047.11,21,240,0
15780.0,475.28000000000003,29,183,0
15781.0,345.46,20,24,2
15782.0,2614.7400000000002,43,9,1
15783.0,246.3,14,10,2
15785.0,2328.9700000000003,83,32,1
15789.0,351.3,25,357,0
15790.0,220.85,35,9,2
15791.0,1612.69,75,43,1
15793.0,965.61,12,14,2
15795.0,610.01,42,149,2
15796.0,2711.56,133,0,1
15797.0,2207.4,8,112,2
15799.0,884.14,98,75,1
15800.0,699.08,119,106,1
15801.0,1063.95,64,45,2
15802.0,451.42,1,142,0
15803.0,415.82000000000005,8,50,2
15806.0,784.58,31,45,2
15807.0,903.9,48,49,2
15809.0,515.77,35,35,2
15810.0,1391.98,89,78,1
15811.0,2218.62,133,21,1
15812.0,1801.14,41,106,2
15813.0,1303.9099999999999,40,207,0
15814.0,1945.33,72,16,1
15815.0,2100.6,49,63,1
15819.0,1905.45,123,48,1
15820.0,206.98,17,319,0
15821.0,570.96,62,43,2
15822.0,885.47,33,2,2
15825.0,532.94,20,171,0
15826.0,1654.31,68,55,1
15827.0,1836.0900000000001,115,72,1
15829.0,636.14,51,98,2
15830.0,576.0,39,37,2
15831.0,801.76,68,57,2
15832.0,836.79,54,253,0
15835.0,954.09,50,43,2
15836.0,137.37,10,49,2
15837.0,391.98,24,64,2
15839.0,1048.49,62,32,2
15840.0,355.56,27,58,2
15841.0,1224.06,47,72,2
15843.0,118.95000000000002,8,303,0
15844.0,130.73999999999998,11,45,2
15847.0,389.27,22,37,2
15850.0,238.85,97,18,2
15852.0,160.71,22,186,0
15853.0,110.8,30,51,2
15854.0,2974.65,140,3,1
15855.0,712.24,80,136,2
15857.0,297.0,14,18,2
15860.0,977.21,142,40,1
15862.0,832.88,147,7,1
15863.0,68.84,18,25,2
15864.0,1936.3200000000002,20,21,2
15865.0,895.13,40,40,2
15866.0,230.53,45,100,2
15869.0,149.64,15,276,0
15870.0,354.09000000000003,76,32,2
15872.0,360.93,128,14,1
15877.0,493.28,129,1,1
15881.0,501.39000000000004,29,311,0
15882.0,516.36,23,198,0
15883.0,396.48,49,1,2
15885.0,379.35,18,92,2
15886.0,181.09,12,59,2
15888.0,168.31,12,80,2
15889.0,446.87,93,156,2
15891.0,524.52,62,226,0
15894.0,263.55,41,252,0
15895.0,179.17,11,149,0
15897.0,222.05,24,193,0
15898.0,1388.88,86,0,1
15900.0,351.11,51,23,2
15901.0,363.88,116,16,2
15904.0,164.68,30,7,2
15906.0,1567.69,150,19,1
15909.0,191.94,7,173,0
15912.0,264.62,19,177,0
15916.0,1528.09,155,15,1
15917.0,123.1,12,247,0
15918.0,334.23,40,190,0
15919.0,639.89,143,19,1
15920.0,167.5,60,153,0
15921.0,336.03000000000003,25,172,0
15925.0,207.15,12,193,0
15930.0,426.63,21,66,2
15932.0,2495.87,115,3,1
15933.0,1107.46,74,20,2
15935.0,416.86,12,238,0
15937.0,145.35,7,63,2
15938.0,404.58,18,111,2
15940.0,35.8,1,310,0
15942.0,337.44,14,133,2
15944.0,325.1,6,276,0
15947.0,1708.24,29,82,2
15948.0,955.24,60,7,2
15949.0,364.72,19,16,2
15950.0,1765.51,98,31,1
15951.0,708.22,41,8,2
15952.0,806.57,91,33,2
15953.0,1659.3799999999999,98,14,1
15957.0,428.89,42,31,2
15958.0,104.35,7,73,2
15963.0,470.76,28,19,2
15965.0,845.64,122,16,1
15967.0,418.83,84,22,2
15969.0,666.1,20,2,2
15970.0,314.1,11,303,0
15974.0,3442.15,176,38,1
15975.0,371.01,24,83,2
15976.0,430.94,98,164,2
15977.0,1054.73,65,16,2
15978.0,1098.78,49,76,2
15980.0,2398.86,43,88,1
15981.0,3408.48,97,24,1
15983.0,1475.02,113,21,1
15985.0,1142.42,37,122,2
15986.0,168.12,14,29,2
15987.0,1451.28,140,11,1
15988.0,158.03,27,18,2
15990.0,792.11,52,43,2
15992.0,41.989999999999995,3,3,2
15994.0,427.07,35,54,2
15996.0,1060.68,130,87,1
16003.0,2735.37,103,29,1
16006.0,101.4,8,210,0
16008.0,478.78,33,23,2
16009.0,992.71,90,21,1
16010.0,407.5,86,245,0
16012.0,1415.29,94,34,1
16014.0,662.38,145,37,1
16017.0,211.88,32,46,2
16018.0,408.90000000000003,28,38,2
16020.0,851.01,46,16,2
16022.0,628.28,76,259,0
16023.0,719.81,101,45,1
16024.0,251.24,64,11,2
16025.0,439.65999999999997,28,29,2
16026.0,236.09,32,42,2
16027.0,934.62,16,91,2
16030.0,331.24,29,309,0
16031.0,548.94,100,91,2
16034.0,437.7,22,195,0
16036.0,758.92,55,86,2
16037.0,855.02,39,269,0
16038.0,471.78000000000003,26,7,2
16040.0,1313.55,65,64,2
16041.0,3166.4,6,30,1
16042.0,1197.27,71,21,2
16043.0,773.99,39,37,2
16045.0,1340.7,83,119,1
16050.0,137.9,10,173,0
16052.0,362.06,34,53,2
16053.0,1511.95,84,32,1
16054.0,783.9,70,144,2
16055.0,134.8,8,220,0
16056.0,664.85,68,44,2
16057.0,2263.12,121,15,1
16062.0,1153.62,64,9,2
16063.0,335.32,23,259,0
16066.0,1521.87,102,16,1
16070.0,852.15,33,21,2
16071.0,326.24,21,44,2
16072.0,584.3199999999999,23,287,0
16073.0,122.39999999999999,1,296,0
16076.0,2234.73,129,2,1
16078.0,79.2,1,283,0
16079.0,1352.0,21,16,2
16080.0,217.16,10,81,2
16083.0,1317.62,31,100,2
16084.0,436.18,38,298,0
16085.0,981.51,167,22,1
16086.0,1121.39,39,58,2
16091.0,315.06,18,154,0
16092.0,817.86,51,114,2
16093.0,17.0,1,106,2
16094.0,1078.23,63,11,2
16096.0,320.62,12,263,0
16097.0,185.04999999999998,10,239,0
16098.0,2005.63,67,87,1
16099.0,731.9,39,49,2
16101.0,1290.7,76,70,1
16102.0,1842.14,57,41,1
16103.0,1429.64,48,6,2
16104.0,302.36,29,61,2
16105.0,336.96,13,248,0
16106.0,108.38,6,65,2
16107.0,3204.1600000000003,31,17,1
16108.0,842.5,48,84,2
16109.0,611.88,18,218,0
16112.0,195.73999999999998,16,142,0
16113.0,161.38,30,182,0
16114.0,135.75000000000003,8,170,0
16116.0,612.78,34,211,0
16117.0,232.21,30,189,0
16119.0,423.36,16,7,2
16120.0,1309.14,30,58,2
16122.0,684.4200000000001,38,72,2
16123.0,307.78,16,51,2
16124.0,249.0,11,316,0
16127.0,656.25,40,38,2
16128.0,1880.22,89,17,1
16131.0,3506.54,78,51,1
16134.0,618.09,35,21,2
16135.0,517.55,21,262,0
16136.0,709.38,37,59,2
16139.0,635.41,31,18,2
16140.0,725.18,35,65,2
16141.0,620.4,30,87,2
16142.0,535.34,37,249,0
16143.0,2424.94,117,2,1
16144.0,175.2,1,246,0
16146.0,734.13,29,156,0
16147.0,375.0,22,133,2
16148.0,76.32000000000001,1,295,0
16149.0,280.52,18,4,2
16150.0,2053.02,117,42,1
16152.0,1829.04,29,268,0
16153.0,1824.23,89,49,1
16156.0,3122.04,130,8,1
16157.0,656.69,18,15,2
16159.0,348.2,14,281,0
16160.0,1025.44,20,64,2
16162.0,37.4,2,251,0
16163.0,856.6,6,231,0
16164.0,822.48,34,16,2
16169.0,1822.97,85,7,1
16170.0,1885.05,125,50,1
16171.0,73.2,3,58,2
16172.0,1140.21,69,94,2
16173.0,1418.32,84,15,1
16174.0,1009.5500000000001,23,125,2
16175.0,1037.59,58,93,2
16177.0,331.95,15,49,2
16178.0,197.9,8,137,0
16179.0,215.83,11,60,2
16181.0,305.54,11,72,2
16183.0,338.71000000000004,15,66,2
16184.0,1158.79,45,63,2
16185.0,529.41,31,16,2
16188.0,981.86,67,44,2
16189.0,215.48,11,15,2
16190.0,215.08,6,39,2
16193.0,314.45,19,236,0
16198.0,400.68100000000004,15,74,2
16201.0,1863.47,111,2,1
16202.0,365.27,18,360,0
16203.0,592.9,35,58,2
16204.0,405.71,57,22,2
16205.0,761.38,98,30,1
16206.0,537.0600000000001,63,54,2
16207.0,394.38,19,24,2
16208.0,664.26,66,44,2
16209.0,2262.62,46,88,1
16211.0,547.02,23,88,2
16212.0,690.34,41,18,2
16213.0,159.0,6,78,2
16214.0,1062.75,44,170,0
16215.0,242.35,14,80,2
16216.0,914.9300000000001,37,266,0
16217.0,304.25,15,234,0
16218.0,3084.68,84,29,1
16221.0,864.86,97,36,1
16222.0,846.72,137,317,0
16224.0,1295.3,96,56,1
16225.0,1096.32,134,44,1
16226.0,255.12,8,202,0
16227.0,314.22,6,224,0
16229.0,1010.6,47,86,2
16230.0,542.03,35,189,0
16232.0,990.88,37,43,2
16233.0,536.6800000000001,22,70,2
16235.0,867.31,46,40,2
16236.0,432.2,20,77,2
16239.0,414.2,19,56,2
16243.0,409.1,51,33,2
16244.0,1522.75,91,211,1
16245.0,1413.66,90,23,1
16247.0,114.56,16,169,0
16248.0,152.94,7,61,2
16249.0,1800.07,69,52,1
16250.0,389.44,24,260,0
16253.0,3683.86,123,66,1
16256.0,752.4300000000001,13,266,0
16257.0,46.95,2,176,0
16260.0,1035.45,18,50,2
16261.0,746.83,124,16,1
16266.0,861.89,61,73,2
16268.0,667.65,45,70,2
16270.0,1141.24,54,352,0
16271.0,1429.24,133,2,1
16272.0,411.7,25,116,2
16275.0,559.87,33,196,0
16276.0,810.6000000000001,6,176,0
16278.0,566.38,23,99,2
16279.0,1509.58,107,20,1
16281.0,2062.06,17,71,2
16282.0,168.3,11,339,0
16283.0,1570.81,166,5,1
16284.0,823.97,109,30,1
16287.0,142.5,8,169,0
16292.0,302.25,17,121,2
16293.0,2248.9900000000002,118,21,1
16295.0,1328.55,79,9,1
16297.0,301.9,20,268,0
16298.0,598.2,27,22,2
16302.0,233.22,11,126,2
16305.0,361.21999999999997,22,138,2
16306.0,632.27,41,213,0
16308.0,2560.0,4,37,1
16309.0,706.57,42,105,2
16311.0,616.26,37,17,2
16313.0,274.15000000000003,16,2,2
16315.0,226.37,14,330,0
16316.0,2938.91,151,63,1
16317.0,1341.65,69,119,1
16318.0,328.15,19,34,2
16319.0,404.40000000000003,3,217,0
16320.0,1038.46,56,171,0
16321.0,373.65000000000003,12,71,2
16322.0,326.75,37,0,2
16323.0,207.50000000000003,1,195,0
16324.0,428.68,118,127,1
16325.0,594.24,18,46,2
16330.0,251.91,39,17,2
16332.0,1593.2,153,27,1
16337.0,151.05,10,36,2
16338.0,214.79999999999998,11,156,0
16339.0,109.95,20,283,0
16340.0,549.07,153,106,1
16341.0,1971.87,77,24,1
16342.0,322.41,15,74,2
16343.0,370.47999999999996,47,15,2
16344.0,101.10000000000001,2,157,0
16345.0,575.41,38,43,2
16347.0,887.65,92,10,1
16349.0,53.5,9,290,0
16350.0,1116.47,57,20,2
16351.0,153.9,8,332,0
16352.0,494.44,28,17,2
16354.0,395.8,39,62,2
16356.0,211.77,31,197,0
16357.0,658.88,34,32,2
16358.0,2027.5,109,0,1
16359.0,1750.92,66,6,1
16361.0,896.66,106,9,1
16362.0,734.77,81,31,2
16363.0,109.36000000000001,5,52,2
16364.0,707.04,53,11,2
16365.0,1540.42,51,17,2
16366.0,327.3,18,18,2
16367.0,804.49,130,36,1
16368.0,497.43,76,1,2
16369.0,1553.66,118,17,1
16372.0,367.93,97,32,2
16374.0,473.03000000000003,111,65,2
16376.0,987.01,125,8,1
16377.0,676.2,5,266,0
16378.0,362.95,23,246,0
16379.0,2157.4,108,3,1
16380.0,1780.59,32,60,2
16383.0,668.36,102,74,2
16384.0,584.5,33,89,2
16385.0,555.89,59,59,2
16386.0,317.2,88,28,2
16387.0,94.36,4,322,0
16389.0,1382.07,34,52,2
16392.0,221.19,45,269,0
16394.0,1555.34,83,56,1
16398.0,1705.8,82,153,1
16399.0,408.57,73,18,2
16400.0,303.93,29,94,2
16402.0,299.6,60,264,0
16403.0,177.5,10,311,0
16404.0,443.05,23,69,2
16405.0,167.25,5,301,0
16406.0,163.07,63,18,2
16407.0,2126.93,172,12,1
16411.0,214.65,45,18,2
16412.0,151.83,35,53,2
16413.0,262.2,31,56,2
16414.0,126.25,7,21,2
16415.0,210.35,54,43,2
16416.0,1051.4,71,26,2
16418.0,675.27,102,44,1
16419.0,972.23,51,112,2
16423.0,346.12,18,24,2
16424.0,133.56,5,190,0
16425.0,302.7,21,301,0
16427.0,241.06,9,262,0
16429.0,284.55,2,105,2
16430.0,300.85,6,56,2
16431.0,642.81,83,212,0
16432.0,287.4,8,63,2
16433.0,184.26,17,27,2
16434.0,1522.25,109,28,1
16438.0,798.35,132,5,1
16441.0,381.2,24,66,2
16442.0,616.79,174,1,1
16444.0,654.67,84,45,2
16445.0,230.51,63,33,2
16447.0,259.01,36,135,2
16448.0,188.89000000000001,20,197,0
16449.0,707.69,40,197,0
16450.0,311.92,11,149,0
16451.0,266.97,14,87,2
16454.0,6.9,2,44,2
16455.0,1841.18,99,63,1
16456.0,2158.37,111,98,1
16457.0,208.36,9,217,0
16460.0,814.72,135,27,1
16461.0,151.42,33,177,0
16462.0,136.0,3,73,2
16463.0,1422.4,82,20,1
16466.0,1603.46,148,33,1
16468.0,74.9,2,73,2
16470.0,762.39,170,51,1
16471.0,223.95000000000002,13,274,0
16473.0,316.11,18,164,0
16475.0,544.3,28,87,2
16477.0,2494.46,146,63,1
16478.0,331.0,17,24,2
16479.0,300.83,35,9,2
16480.0,769.29,53,75,2
16482.0,220.62,18,15,2
16483.0,139.35,19,191,0
16484.0,404.3,25,173,0
16485.0,363.65,42,76,2
16488.0,498.8,29,32,2
16491.0,731.5,39,46,2
16493.0,1351.63,56,79,2
16494.0,826.53,50,296,0
16495.0,684.41,97,2,2
16496.0,1599.52,95,8,1
16497.0,2965.69,136,49,1
16498.0,100.97,15,160,0
16499.0,365.45,19,359,0
16500.0,400.86,11,4,2
16503.0,1431.93,84,106,1
16504.0,484.38,86,24,2
16505.0,777.6,4,31,2
16506.0,90.30000000000001,3,19,2
16509.0,363.7,13,296,0
16511.0,950.26,169,21,1
16513.0,874.59,35,4,2
16515.0,1627.13,113,51,1
16516.0,101.69999999999999,6,29,2
16517.0,162.7,17,276,0
16518.0,484.32,40,60,2
16519.0,215.07999999999998,13,24,2
16520.0,1046.57,156,185,1
16526.0,290.36,15,171,0
16527.0,228.06,14,80,2
16528.0,244.41,17,3,2
16529.0,455.25,30,189,0
16531.0,1244.59,77,21,1
16533.0,1095.56,177,18,1
16535.0,593.75,31,4,2
16536.0,548.97,55,109,2
16539.0,1388.81,45,2,2
16542.0,119.62,5,53,2
16545.0,339.3,3,164,0
16546.0,787.15,25,290,0
16551.0,922.12,32,95,2
16552.0,379.73,17,242,0
16554.0,837.1,52,41,2
16555.0,285.89,17,34,2
16557.0,281.85,11,23,2
16560.0,841.41,57,26,2
16561.0,511.12,31,5,2
16563.0,1077.74,19,53,2
16566.0,614.66,18,14,2
16567.0,865.6,35,193,0
16569.0,124.2,5,2,2
16571.0,1421.69,87,26,1
16572.0,1009.6,57,126,2
16573.0,663.61,42,84,2
16574.0,451.44,28,70,2
16581.0,105.84,9,182,0
16582.0,313.62,6,112,2
16584.0,936.08,28,79,2
16586.0,463.95,8,248,0
16587.0,225.15,13,231,0
16589.0,459.24,33,70,2
16591.0,213.5,10,68,2
16593.0,330.03,27,50,2
16594.0,181.09,53,74,2
16595.0,360.16,85,60,2
16596.0,250.15,12,15,2
16597.0,90.04,7,3,2
16598.0,145.04999999999998,10,285,0
16600.0,813.52,62,3,2
16601.0,244.79999999999998,31,40,2
16602.0,528.08,29,35,2
16603.0,482.47,34,74,2
16607.0,3347.71,172,17,1
16610.0,75.66,6,218,0
16611.0,129.49,10,185,0
16612.0,1187.66,66,32,2
16613.0,618.59,30,69,2
16614.0,506.19,26,182,0
16616.0,500.42,33,14,2
16617.0,151.85,5,235,0
16618.0,2647.59,96,30,1
16619.0,226.21,14,263,0
16620.0,178.96,9,3,2
16621.0,813.48,29,51,2
16623.0,129.45,5,245,0
16624.0,810.5699999999999,48,80,2
16625.0,333.08,23,274,0
16627.0,322.8,20,78,2
16628.0,2188.05,117,29,1
16629.0,417.73,64,73,2
16633.0,2883.1,152,16,1
16634.0,217.9,9,222,0
16637.0,1154.47,69,31,2
16638.0,1680.72,94,22,1
16639.0,1257.51,50,30,2
16641.0,231.10000000000002,12,105,2
16642.0,688.33,34,4,2
16643.0,487.51,27,245,0
16644.0,833.78,62,177,0
16647.0,214.06,14,169,0
16648.0,290.65999999999997,19,42,2
16650.0,518.42,24,71,2
16653.0,1212.66,69,15,2
16654.0,601.27,29,140,2
16659.0,39.12,2,188,0
16660.0,1267.6499999999999,16,15,2
16666.0,118.98,32,18,2
16667.0,570.13,53,67,2
16668.0,306.71999999999997,20,14,2
16669.0,1374.8700000000001,160,23,1
16671.0,1692.27,6,27,2
16674.0,319.61,98,54,2
16676.0,1592.1200000000001,89,33,1
16678.0,3109.99,163,2,1
16680.0,183.7,10,42,2
16681.0,1770.34,44,72,2
16682.0,1028.0,30,4,2
16685.0,324.24,62,60,2
16688.0,1260.86,62,0,2
16689.0,422.59999999999997,13,75,2
16690.0,225.57999999999998,12,71,2
16692.0,1276.0,3,255,0
16693.0,482.01,60,68,2
16696.0,657.9000000000001,10,134,2
16697.0,112.75,21,240,0
16698.0,1998.0,5,226,0
16706.0,531.35,123,36,1
16708.0,656.63,27,45,2
16709.0,3029.87,79,84,1
16711.0,1651.03,22,2,2
16714.0,1161.53,93,218,0
16715.0,301.71999999999997,19,77,2
16716.0,901.2,2,266,0
16720.0,155.24,27,25,2
16721.0,292.47,37,261,0
16723.0,589.15,43,90,2
16725.0,781.02,151,301,0
16730.0,743.11,82,51,2
16732.0,603.75,28,31,2
16734.0,650.51,53,51,2
16735.0,2300.56,125,78,1
16737.0,417.59999999999997,1,52,2
16738.0,3.75,1,297,0
16739.0,323.0,13,176,0
16742.0,464.9,1,46,2
16747.0,836.06,42,37,2
16748.0,1515.9,69,17,1
16750.0,623.93,95,44,2
16751.0,1764.72,25,30,2
16753.0,223.92000000000002,34,57,2
16755.0,1496.83,170,113,1
16756.0,239.4,13,214,0
16757.0,106.83000000000001,7,318,0
16758.0,369.34000000000003,22,64,2
16759.0,789.79,42,7,2
16761.0,316.62,13,96,2
16762.0,1501.38,89,19,1
16763.0,611.85,23,198,0
16765.0,34.0,1,293,0
16766.0,1145.6,34,272,0
16768.0,478.09000000000003,54,47,2
16769.0,380.39,40,259,0
16770.0,770.1,145,57,1
16773.0,171.59,26,56,2
16774.0,661.52,48,67,2
16775.0,1695.66,158,9,1
16776.0,388.28,76,59,2
16777.0,226.35,50,79,2
16778.0,245.94,16,73,2
16780.0,425.19,60,99,2
16784.0,107.6,3,19,2
16788.0,597.48,155,122,1
16789.0,80.8,5,7,2
16790.0,1545.6200000000001,93,3,1
16792.0,110.38000000000001,12,281,0
16793.0,243.84,16,56,2
16796.0,305.62,18,88,2
16800.0,1201.49,164,10,1
16801.0,1619.73,76,162,1
16803.0,332.3,24,64,2
16804.0,536.99,60,22,2
16805.0,460.59,98,173,0
16806.0,801.49,103,102,1
16807.0,1121.59,67,142,2
16808.0,288.42,23,98,2
16809.0,914.69,149,22,1
16810.0,309.54,15,191,0
16811.0,547.07,28,4,2
16812.0,479.35,15,360,0
16816.0,417.06,28,102,2
16817.0,1604.75,86,2,1
16820.0,497.61,26,95,2
16823.0,358.38,38,226,0
16824.0,460.64,26,15,2
16825.0,775.1800000000001,28,38,2
16826.0,341.7,22,50,2
16828.0,128.5,8,92,2
16829.0,197.22,11,156,0
16830.0,325.91,23,38,2
16832.0,199.15,12,183,0
16833.0,1106.53,47,0,2
16834.0,413.46,24,227,0
16835.0,180.85,10,127,2
16836.0,251.87,11,39,2
16837.0,3170.98,165,30,1
16838.0,588.85,25,196,0
16841.0,1869.82,116,36,1
16842.0,1264.19,63,100,2
16846.0,214.32,11,49,2
16847.0,193.44,12,42,2
16848.0,281.42,14,52,2
16849.0,124.57,8,186,0
16850.0,332.41,19,333,0
16851.0,342.45,20,3,2
16852.0,144.91000000000003,9,9,2
16855.0,328.4,19,23,2
16856.0,35.400000000000006,2,14,2
16859.0,747.81,52,144,2
16861.0,173.76,6,59,2
16863.0,502.8,26,30,2
16866.0,207.73999999999998,11,140,0
16869.0,825.42,128,22,1
16871.0,2812.34,137,21,1
16872.0,680.02,7,76,2
16875.0,2095.53,112,66,1
16877.0,853.72,159,11,1
16878.0,13.3,3,83,2
16880.0,1519.08,178,30,1
16881.0,432.0,1,66,2
16882.0,705.12,39,66,2
16883.0,276.73,38,186,0
16884.0,429.84000000000003,26,37,2
16885.0,471.51,101,14,2
16887.0,194.88,37,34,2
16889.0,1578.67,135,194,1
16892.0,525.54,99,0,2
16895.0,219.14,69,64,2
16897.0,289.78,37,298,0
16898.0,508.81,162,25,1
16899.0,1281.56,125,7,1
16900.0,887.11,79,16,2
16902.0,1706.88,44,115,2
16903.0,373.24,60,28,2
16906.0,579.77,93,81,2
16907.0,981.65,151,28,1
16909.0,379.14,18,71,2
16912.0,2575.38,101,28,1
16913.0,113.44,8,289,0
16914.0,208.46,38,35,2
16915.0,621.6800000000001,57,8,2
16916.0,576.26,143,23,1
16917.0,391.52,9,276,0
16918.0,1068.82,128,49,1
16921.0,169.79,60,60,2
16924.0,846.75,83,20,2
16927.0,543.05,6,115,2
16929.0,1295.39,77,3,1
16930.0,380.55,54,25,2
16932.0,161.94,53,52,2
16933.0,563.23,44,0,2
16934.0,950.9300000000001,62,54,2
16936.0,262.68,57,25,2
16943.0,816.73,33,211,0
16947.0,406.48,21,235,0
16948.0,435.02,19,138,2
16949.0,1286.27,60,3,2
16950.0,1178.56,42,56,2
16951.0,1277.75,86,134,1
16952.0,167.61,16,108,2
16953.0,20.8,1,29,2
16954.0,2085.08,54,0,1
16955.0,518.67,25,184,0
16956.0,308.74,16,17,2
16957.0,416.64,16,238,0
16959.0,117.35000000000001,7,86,2
16960.0,507.05,101,38,2
16961.0,234.17,14,115,2
16963.0,110.55000000000001,7,186,0
16965.0,201.19,26,226,0
16966.0,2154.97,28,7,1
16967.0,319.02,21,188,0
16968.0,439.43,31,3,2
16969.0,650.41,42,38,2
16971.0,357.21,41,37,2
16976.0,251.51999999999998,2,266,0
16978.0,344.33,39,77,2
16979.0,1852.0,89,3,1
16980.0,1078.96,87,254,0
16982.0,384.06,22,60,2
16983.0,1931.25,148,12,1
16986.0,1873.2,3,29,2
16987.0,1625.05,129,2,1
16988.0,126.12,7,4,2
16989.0,1133.25,12,6,2
16990.0,179.0,1,218,0
16992.0,1614.31,93,10,1
16996.0,1456.96,37,29,2
16997.0,702.0,12,287,0
16998.0,295.0,4,149,0
16999.0,484.82,23,22,2
17002.0,1493.73,49,85,2
17004.0,1412.94,44,45,2
17006.0,781.78,44,4,2
17007.0,889.9300000000001,52,50,2
17010.0,195.36,11,17,2
17011.0,270.9,15,29,2
17014.0,586.33,74,7,2
17018.0,920.1,16,40,2
17022.0,71.0,7,30,2
17024.0,95.85,3,44,2
17025.0,357.77,9,60,2
17026.0,154.82999999999998,4,184,0
17027.0,890.29,153,78,1
17029.0,716.0,2,110,2
17030.0,146.87,11,63,2
17031.0,380.35,22,11,2
17033.0,1030.14,28,85,2
17034.0,745.52,30,15,2
17035.0,433.53000000000003,28,245,0
17037.0,1267.32,75,87,1
17038.0,112.4,22,29,2
17040.0,449.73,15,137,2
17041.0,1081.57,70,26,2
17042.0,1044.3799999999999,98,2,1
17043.0,1735.18,102,31,1
17044.0,948.48,6,24,2
17045.0,339.44,22,112,2
17046.0,642.02,22,156,0
17047.0,1100.9,65,84,2
17048.0,925.35,43,117,2
17051.0,247.14000000000001,43,193,0
17052.0,413.75,92,27,2
17053.0,498.48,13,130,2
17054.0,1356.33,83,27,1
17058.0,1179.89,62,81,2
17060.0,234.24,5,265,0
17062.0,538.37,70,313,0
17063.0,1461.14,78,20,1
17064.0,859.35,62,58,2
17069.0,2709.7000000000003,143,27,1
17070.0,312.14,64,113,2
17071.0,2429.03,140,27,1
17073.0,1446.09,174,17,1
17075.0,834.12,77,17,2
17076.0,841.0799999999999,25,35,2
17078.0,378.2,28,35,2
17079.0,118.80000000000001,2,77,2
17080.0,287.62,8,21,2
17081.0,290.16,64,24,2
17082.0,2003.85,81,32,1
17083.0,1405.78,52,108,2
17084.0,2949.75,162,34,1
17086.0,2050.08,96,6,1
17088.0,1991.01,115,27,1
17090.0,2043.95,63,3,1
17092.0,1777.78,125,49,1
17094.0,302.0,14,321,0
17095.0,1324.16,74,22,1
17096.0,1022.13,48,14,2
17100.0,971.74,65,17,2
17101.0,1621.73,42,9,2
17102.0,25.5,1,261,0
17105.0,665.78,90,158,2
17109.0,885.04,117,28,1
17110.0,163.29999999999998,12,164,0
17111.0,248.61,30,46,2
17114.0,808.62,127,5,1
17115.0,837.5,39,7,2
17117.0,116.19999999999999,9,287,0
17118.0,157.02,10,317,0
17119.0,606.91,35,2,2
17120.0,307.46,18,232,0
17122.0,138.32,7,118,2
17123.0,345.29999999999995,9,161,0
17124.0,298.89,32,184,0
17125.0,259.35,40,49,2
17128.0,157.09,14,334,0
17131.0,2463.17,134,4,1
17134.0,425.0,24,106,2
17135.0,1139.73,52,15,2
17138.0,380.5,24,275,0
17140.0,465.32,20,246,0
17142.0,579.0,15,238,0
17144.0,984.57,48,0,2
17146.0,749.78,35,105,2
17147.0,1714.59,81,22,1
17148.0,124.88,9,51,2
17152.0,1689.5,14,194,0
17153.0,213.78,14,23,2
17154.0,329.34,23,74,2
17155.0,251.70000000000002,20,17,2
17157.0,319.0,13,7,2
17158.0,1266.97,67,31,2
17159.0,1538.88,101,21,1
17162.0,1715.46,104,28,1
17163.0,293.1,5,21,2
17164.0,2467.35,144,32,1
17165.0,158.68,10,283,0
17166.0,206.34,12,38,2
17169.0,835.78,54,57,2
17171.0,224.91,16,288,0
17172.0,317.76,15,78,2
17174.0,59.9,4,217,0
17175.0,1443.69,63,43,1
17176.0,306.13,15,201,0
17179.0,711.79,80,177,0
17180.0,796.03,128,55,1
17181.0,239.92000000000002,23,56,2
17183.0,3347.31,73,7,1
17186.0,144.0,2,46,2
17187.0,203.95,10,226,0
17188.0,2474.23,84,10,1
17189.0,384.40000000000003,61,105,2
17190.0,444.74,19,58,2
17193.0,1699.3000000000002,32,35,2
17194.0,262.62,29,273,0
17197.0,1013.01,29,29,2
17198.0,692.22,96,23,2
17201.0,342.63,40,53,2
17203.0,3563.85,152,35,1
17204.0,1564.56,57,174,0
17205.0,384.08,13,53,2
17206.0,204.24,7,52,2
17212.0,226.85,4,252,0
17213.0,2781.23,157,39,1
17214.0,1069.1200000000001,103,59,1
17217.0,113.5,9,233,0
17219.0,114.23,25,31,2
17221.0,335.13,63,6,2
17222.0,354.15,28,64,2
17223.0,426.79,49,309,0
17226.0,393.49,21,308,0
17227.0,939.32,47,18,2
17229.0,318.76,47,95,2
17230.0,3638.41,69,263,1
17232.0,421.52,36,2,2
17233.0,190.88,25,34,2
17234.0,149.89000000000001,14,182,0
17235.0,550.06,29,24,2
17236.0,916.13,105,12,1
17237.0,314.69,19,10,2
17239.0,382.5,15,312,0
17242.0,1135.04,40,107,2
17244.0,954.9,31,52,2
17245.0,171.45,9,204,0
17247.0,282.19,55,14,2
17248.0,318.65,69,119,2
17250.0,384.52,57,3,2
17252.0,353.86,87,116,2
17253.0,178.26,18,17,2
17254.0,272.44,112,4,2
17255.0,298.41,78,40,2
17256.0,240.0,16,106,2
17259.0,603.37,124,147,1
17262.0,1253.3600000000001,12,51,2
17263.0,63.440000000000005,23,207,0
17265.0,562.9,127,138,1
17266.0,310.64,80,1,2
17267.0,317.62,38,126,2
17268.0,763.64,6,107,2
17272.0,2148.63,114,41,1
17274.0,111.97999999999999,27,34,2
17277.0,1065.3500000000001,69,227,0
17278.0,246.04,15,240,0
17279.0,187.82999999999998,9,57,2
17282.0,1703.41,94,129,1
17286.0,153.92,45,21,2
17287.0,1064.11,124,25,1
17288.0,1419.73,142,8,1
17289.0,944.41,111,31,1
17290.0,525.24,102,3,2
17291.0,550.8000000000001,1,307,0
17293.0,1875.1100000000001,135,7,1
17295.0,556.95,69,28,2
17297.0,131.78,51,16,2
17298.0,498.42,30,100,2
17299.0,669.11,57,11,2
17301.0,197.63,66,20,2
17302.0,1135.63,79,14,1
17303.0,250.04,53,360,0
17309.0,82.75,12,94,2
17311.0,1384.85,55,77,2
17312.0,644.3,14,138,2
17313.0,2328.84,24,30,1
17314.0,2527.92,131,24,1
17317.0,2600.34,9,45,1
17320.0,1200.6200000000001,73,99,2
17321.0,700.86,107,7,1
17324.0,990.23,50,17,2
17325.0,96.8,6,279,0
17329.0,523.11,33,13,2
17330.0,363.9,6,22,2
17331.0,175.2,1,123,2
17333.0,494.25,28,85,2
17334.0,307.02,11,301,0
17339.0,243.36,9,93,2
17343.0,193.64,17,354,0
17344.0,160.57,32,45,2
17345.0,537.74,87,14,2
17347.0,228.96,1,85,2
17349.0,110.75,9,178,0
17350.0,1286.07,71,7,1
17351.0,587.15,27,35,2
17353.0,1740.0,8,128,2
17354.0,1393.06,16,50,2
17356.0,178.22,19,311,0
17357.0,388.14,45,23,2
17358.0,365.85,59,302,0
17359.0,127.86,15,10,2
17360.0,585.79,132,16,1
17361.0,488.2,29,48,2
17362.0,312.23,35,238,0
17367.0,168.4,34,237,0
17368.0,1912.67,111,22,1
17370.0,446.18,33,72,2
17371.0,423.89,87,16,2
17373.0,646.92,57,39,2
17374.0,495.77,28,218,0
17375.0,400.1,69,198,0
17376.0,203.2,24,70,2
17379.0,404.66,83,10,2
17382.0,65.4,2,64,2
17383.0,199.29,51,3,2
17384.0,336.4,15,18,2
17385.0,261.11,47,14,2
17386.0,2686.42,28,7,1
17387.0,784.11,78,19,2
17388.0,1259.56,15,77,2
17391.0,508.8,3,163,0
17392.0,457.91,62,306,0
17394.0,203.86999999999998,4,218,0
17397.0,696.41,92,21,2
17398.0,653.38,38,114,2
17402.0,2633.85,59,4,1
17403.0,281.62,33,35,2
17405.0,1031.41,82,0,2
17406.0,2200.42,113,332,1
17408.0,32.65,2,162,0
17409.0,771.85,13,184,0
17410.0,1214.72,64,15,2
17411.0,778.94,41,11,2
17412.0,1258.06,66,2,2
17414.0,778.0,6,43,2
17415.0,507.84,14,79,2
17418.0,463.46000000000004,30,41,2
17420.0,598.83,30,49,2
17422.0,1979.37,117,15,1
17423.0,698.41,26,45,2
17425.0,759.17,43,18,2
17427.0,100.8,2,71,2
17429.0,524.9200000000001,39,127,2
17430.0,265.76,14,32,2
17431.0,403.3,43,312,0
17432.0,365.76,48,17,2
17433.0,303.15999999999997,54,87,2
17434.0,2373.82,134,1,1
17436.0,216.29999999999998,9,1,2
17438.0,388.45000000000005,17,253,0
17440.0,186.42000000000002,5,156,0
17442.0,2248.56,135,36,1
17443.0,534.24,1,219,0
17444.0,2940.04,135,147,1
17446.0,120.9,9,176,0
17447.0,541.53,36,39,2
17451.0,1721.4,100,0,1
17453.0,486.71999999999997,19,17,2
17454.0,517.53,61,191,0
17455.0,131.7,8,203,0
17457.0,1737.7,19,126,2
17458.0,316.5,54,14,2
17459.0,657.3,111,42,1
17460.0,622.4300000000001,29,93,2
17461.0,757.46,111,22,1
17462.0,675.69,27,59,2
17464.0,289.96000000000004,9,157,0
17466.0,763.28,41,9,2
17468.0,137.0,5,9,2
17469.0,1870.97,88,15,1
17470.0,1125.07,78,44,2
17475.0,194.37,14,78,2
17480.0,511.82,29,77,2
17481.0,1255.59,82,3,1
17483.0,414.04,21,64,2
17486.0,396.87,24,260,0
17489.0,376.64,29,58,2
17490.0,2092.32,76,0,1
17491.0,3558.87,109,0,1
17492.0,374.57,12,247,0
17495.0,497.56,27,7,2
17496.0,271.05,10,358,0
17498.0,272.22,17,75,2
17499.0,622.88,40,289,0
17500.0,1138.0,5,16,2
17501.0,288.6,18,220,0
17502.0,689.1,28,8,2
17503.0,558.96,38,2,2
17504.0,2997.0299999999997,127,205,1
17505.0,1145.84,52,161,2
17506.0,302.2,14,75,2
17507.0,605.58,88,261,0
17508.0,387.31,22,280,0
17510.0,308.48,20,24,2
17512.0,2924.9900000000002,105,28,1
17513.0,513.2,6,71,2
17514.0,208.65,40,127,2
17515.0,639.02,87,30,2
17516.0,768.08,137,14,1
17517.0,153.94,11,308,0
17519.0,1844.02,82,16,1
17520.0,546.81,30,53,2
17521.0,723.2099999999999,45,29,2
17522.0,1070.71,73,1,2
17523.0,652.74,33,10,2
17524.0,145.0,6,360,0
17525.0,422.70000000000005,9,359,0
17526.0,1195.8999999999999,19,4,2
17527.0,939.37,47,53,2
17531.0,296.7,14,189,0
17534.0,223.36,9,53,2
17535.0,164.4,13,279,0
17536.0,76.5,3,176,0
17537.0,897.62,75,29,2
17538.0,98.42,9,25,2
17540.0,578.9,25,24,2
17542.0,170.75,25,269,0
17545.0,645.96,145,42,1
17548.0,103.3,5,233,0
17549.0,148.86,6,23,2
17550.0,267.16,42,196,0
17551.0,306.84,43,358,0
17552.0,930.41,49,59,2
17553.0,1487.6,2,129,2
17554.0,1952.45,88,0,1
17555.0,483.26,106,19,2
17556.0,157.9,6,205,0
17557.0,541.46,34,13,2
17560.0,854.95,27,94,2
17561.0,167.62,46,18,2
17562.0,1122.38,63,13,2
17564.0,454.01,49,23,2
17566.0,901.21,152,7,1
17569.0,344.14,29,331,0
17572.0,226.75000000000003,12,70,2
17573.0,380.6,25,28,2
17574.0,185.65,8,242,0
17578.0,143.45999999999998,5,217,0
17579.0,448.90000000000003,50,4,2
17580.0,215.72,45,252,0
17582.0,175.27,29,235,0
17584.0,1242.3,35,6,2
17588.0,1240.2,23,99,2
17591.0,2225.9700000000003,166,72,1
17594.0,993.18,50,84,2
17595.0,388.79,83,11,2
17597.0,2044.3700000000001,55,213,1
17600.0,161.67000000000002,13,17,2
17601.0,116.00999999999999,9,238,0
17603.0,394.72,11,77,2
17604.0,309.36,63,216,0
17608.0,193.42,59,32,2
17612.0,2048.45,135,52,1
17614.0,390.07,100,56,2
17615.0,329.6,14,129,2
17616.0,571.1999999999999,3,173,0
17618.0,971.58,78,5,2
17619.0,218.52,77,311,0
17620.0,81.44,4,59,2
17621.0,1379.9,26,20,2
17623.0,527.0500000000001,33,32,2
17624.0,843.48,50,14,2
17628.0,75.75,5,80,2
17629.0,1814.12,123,5,1
17630.0,503.59999999999997,26,169,0
17631.0,528.33,39,1,2
17633.0,1324.84,70,30,1
17636.0,285.56,20,18,2
17637.0,547.0600000000001,35,30,2
17639.0,108.5,7,275,0
17640.0,621.66,5,86,2
17642.0,712.29,40,119,2
17644.0,2895.64,157,0,1
17646.0,1008.39,51,218,0
17647.0,133.06,7,64,2
17648.0,1797.5,91,60,1
17649.0,868.49,52,137,2
17650.0,166.08,8,20,2
17653.0,1207.56,44,36,2
17654.0,117.55,22,276,0
17655.0,2638.94,91,10,1
17656.0,1674.69,82,72,1
17658.0,595.42,19,25,2
17659.0,2999.46,158,16,1
17660.0,196.0,45,140,2
17663.0,1802.91,86,25,1
17664.0,604.64,43,18,2
17666.0,728.16,18,3,2
17667.0,2055.51,117,65,1
17668.0,347.75,15,0,2
17669.0,3406.7200000000003,68,42,1
17670.0,205.7,11,227,0
17671.0,1572.71,53,15,2
17672.0,3178.17,110,49,1
17674.0,551.04,27,73,2
17676.0,1387.68,78,3,1
17678.0,298.11,16,263,0
17679.0,1992.1100000000001,30,52,2
17680.0,184.4,11,23,2
17682.0,2474.33,118,9,1
17684.0,239.41,15,43,2
17685.0,3191.53,130,16,1
17691.0,290.40000000000003,19,357,0
17692.0,740.9399999999999,46,126,2
17693.0,200.47,16,136,0
17694.0,283.12,15,141,0
17695.0,765.34,35,131,2
17696.0,2285.71,115,37,1
17697.0,338.95,19,235,0
17698.0,154.95,8,260,0
17700.0,2534.64,142,16,1
17701.0,417.95,24,252,0
17702.0,1824.37,74,29,1
17703.0,798.74,55,34,2
17704.0,885.19,31,168,0
17705.0,1823.52,103,2,1
17707.0,152.4,5,184,0
17708.0,267.08,35,187,0
17709.0,137.45,7,169,0
17711.0,385.1,23,10,2
17712.0,522.91,29,44,2
17714.0,153.0,10,320,0
17715.0,326.4,1,200,0
17718.0,139.35,6,231,0
17720.0,1195.94,50,25,2
17722.0,2424.04,115,95,1
17723.0,3276.4000000000005,10,126,1
17724.0,1033.0,40,70,2
17727.0,1060.25,66,14,2
17728.0,2876.01,165,3,1
17731.0,1240.11,67,78,2
17733.0,692.19,35,38,2
17734.0,700.63,43,53,2
17736.0,377.44,25,8,2
17737.0,168.24,10,8,2
17738.0,1879.05,97,18,1
17739.0,2791.35,47,11,1
17742.0,355.11,15,112,2
17744.0,2322.4,136,3,1
17746.0,110.25,6,239,0
17747.0,71.4,1,112,2
17749.0,674.52,35,177,0
17752.0,80.64,1,358,0
17754.0,1772.26,92,0,1
17759.0,834.99,95,16,1
17760.0,287.59,25,21,2
17761.0,712.78,19,32,2
17763.0,15.0,1,262,0
17764.0,818.8199999999999,75,50,2
17765.0,371.88,57,158,0
17767.0,271.2,21,14,2
17768.0,2273.1800000000003,105,7,1
17770.0,1143.27,38,198,0
17771.0,245.81,54,56,2
17772.0,182.77,53,10,2
17774.0,1225.41,156,96,1
17775.0,56.4,3,254,0
17779.0,658.57,82,20,2
17781.0,188.02,12,158,0
17783.0,283.47,67,71,2
17785.0,131.94,13,52,2
17786.0,278.74,72,84,2
17787.0,1865.19,134,152,1
17788.0,1117.9,5,73,2
17789.0,225.9,14,280,0
17791.0,106.1,10,29,2
17793.0,323.04,58,24,2
17795.0,350.39,46,179,0
17796.0,697.9,82,39,2
17797.0,780.43,111,21,1
17800.0,1199.01,104,36,1
17802.0,1285.04,140,81,1
17805.0,512.31,10,73,2
17806.0,546.04,43,10,2
17812.0,732.16,141,12,1
17816.0,36.56,17,36,2
17817.0,387.68,33,3,2
17824.0,298.4,13,50,2
17828.0,1820.09,67,22,1
17829.0,889.24,30,298,0
17830.0,398.7,23,1,2
17831.0,35.400000000000006,2,32,2
17832.0,155.37,61,49,2
17835.0,350.64,61,2,2
17836.0,110.21000000000001,24,46,2
17837.0,1593.38,169,41,1
17838.0,2779.3,121,26,1
17839.0,338.8,56,41,2
17843.0,205.48,37,302,0
17844.0,51.559999999999995,5,106,2
17846.0,2033.1,1,84,2
17848.0,901.1999999999999,51,80,2
17849.0,605.8000000000001,26,217,0
17852.0,114.34,24,11,2
17854.0,311.26,15,184,0
17856.0,1418.03,15,1,2
17859.0,148.21,25,304,0
17862.0,330.9,11,323,0
17863.0,3160.0,148,58,1
17864.0,597.5,102,12,2
17866.0,329.65,9,142,0
17867.0,1197.1000000000001,79,29,1
17869.0,428.18,40,106,2
17871.0,155.9,10,204,0
17873.0,1859.16,44,79,1
17874.0,683.46,46,184,0
17877.0,237.61,12,169,0
17878.0,379.45,26,43,2
17879.0,178.51999999999998,6,173,0
17881.0,133.35000000000002,8,303,0
17883.0,671.77,145,2,1
17884.0,717.45,117,3,1
17885.0,190.19,64,11,2
17886.0,899.61,109,31,1
17887.0,111.35,10,128,2
17888.0,726.05,67,20,2
17889.0,203.87,21,211,0
17890.0,602.09,94,322,0
17891.0,203.85999999999999,34,161,0
17892.0,244.1,28,55,2
17893.0,112.25,16,224,0
17895.0,98.0,16,43,2
17896.0,256.32,2,22,2
17897.0,566.6,114,172,1
17898.0,152.06,28,84,2
17899.0,155.8,32,158,0
17900.0,112.19999999999999,6,189,0
17901.0,110.38,19,28,2
17904.0,191.67,38,20,2
17905.0,800.24,34,70,2
17906.0,72.9,12,246,0
17911.0,366.23,39,8,2
17912.0,311.01,38,309,0
17913.0,411.6,59,58,2
17914.0,336.43,80,3,2
17917.0,341.28,94,44,2
17919.0,1304.04,23,87,2
17921.0,826.52,145,63,1
17923.0,207.50000000000003,1,281,0
17924.0,2962.5,31,11,1
17926.0,397.29,21,132,2
17928.0,212.54,23,44,2
17929.0,843.0,5,10,2
17930.0,1740.48,39,35,2
17931.0,408.36,65,133,2
17932.0,1331.57,90,28,1
17934.0,704.25,21,51,2
17935.0,145.79,29,137,2
17936.0,389.84,77,4,2
17939.0,99.14,12,159,0
17941.0,304.56,2,130,2
17942.0,77.50000000000001,2,7,2
17946.0,149.57999999999998,20,232,0
17947.0,176.68,9,36,2
17948.0,358.56000000000006,1,146,0
17950.0,482.2,71,71,2
17951.0,1008.5400000000001,20,39,2
17955.0,557.3,19,198,0
17956.0,12.75,1,248,0
17957.0,111.68,31,65,2
17958.0,508.4599999999999,7,116,2
17960.0,73.78,26,170,0
17962.0,102.83,35,141,0
17964.0,471.7,104,31,2
17966.0,1098.43,68,37,2
17969.0,228.2,14,165,0
17970.0,582.59,31,210,0
17972.0,136.04,31,241,0
17973.0,337.04,15,51,2
17977.0,288.14,21,28,2
17979.0,757.71,146,35,1
17980.0,811.45,30,165,0
17984.0,152.68,48,144,2
17985.0,634.95,23,21,2
17986.0,20.8,1,55,2
17987.0,198.57,13,184,0
17988.0,201.12,38,11,2
17990.0,630.84,29,236,0
17991.0,93.35,5,224,0
17994.0,678.49,81,121,2
17995.0,76.1,2,281,0
17997.0,1970.6699999999998,166,73,1
17999.0,382.06,93,36,2
18001.0,417.23,58,11,2
18005.0,249.72,60,3,2
18006.0,444.68,22,22,2
18008.0,2116.19,30,69,1
18009.0,257.34,32,234,0
18010.0,174.8,14,256,0
18013.0,187.29,31,154,0
18014.0,166.42,32,27,2
18015.0,120.03,46,3,2
18016.0,1483.56,123,31,1
18017.0,523.0,3,80,2
18018.0,122.14,29,107,2
18019.0,38.45,5,51,2
18024.0,389.78,21,152,0
18027.0,115.31,21,98,2
18030.0,230.64999999999998,9,3,2
18032.0,73.5,5,333,0
18033.0,97.97,34,64,2
18034.0,422.88,112,21,2
18035.0,730.4,53,35,2
18036.0,405.62,96,31,2
18037.0,70.02,19,153,0
18040.0,357.20000000000005,19,18,2
18042.0,165.04999999999998,7,53,2
18043.0,559.51,121,24,1
18044.0,2088.6,127,3,1
18045.0,189.4,47,44,2
18048.0,172.29000000000002,7,202,0
18050.0,74.4,5,358,0
18053.0,300.02,20,70,2
18056.0,363.65,19,287,0
18058.0,170.16,3,9,2
18059.0,306.46,19,22,2
18061.0,2119.41,46,21,1
18062.0,720.52,27,172,0
18064.0,814.0,7,132,2
18065.0,2392.83,137,5,1
18066.0,318.0,10,74,2
18067.0,396.33,37,39,2
18068.0,101.69999999999999,1,288,0
18071.0,453.0,25,257,0
18072.0,247.44,18,185,0
18075.0,2611.75,142,22,1
18078.0,336.13,29,216,0
18079.0,3651.97,127,44,1
18080.0,1231.5,2,18,2
18081.0,343.45,17,35,2
18082.0,703.37,73,25,2
18084.0,90.47999999999999,1,15,2
18085.0,689.95,29,329,0
18086.0,101.34,7,273,0
18088.0,167.67000000000002,39,60,2
18093.0,2106.52,36,92,1
18094.0,3017.3,70,81,1
18095.0,580.0500000000001,21,312,0
18097.0,2697.8,108,7,1
18099.0,168.31,19,126,2
18101.0,223.65,41,10,2
18104.0,754.64,38,36,2
18105.0,113.48000000000002,18,37,2
18106.0,430.7,39,329,0
18108.0,271.0,17,253,0
18110.0,236.3,46,19,2
18112.0,352.69,26,11,2
18114.0,220.1,28,289,0
18117.0,320.72,74,25,2
18120.0,111.15,17,213,0
18121.0,673.1,32,148,2
18123.0,589.4399999999999,36,23,2
18126.0,206.82999999999998,56,60,2
18127.0,348.73,47,18,2
18129.0,112.55000000000001,14,242,0
18130.0,1059.39,70,14,2
18133.0,931.4999999999999,1,211,0
18135.0,681.9100000000001,20,28,2
18136.0,784.33,38,62,2
18138.0,152.65,8,294,0
18142.0,1019.52,15,156,0
18143.0,1000.16,61,116,2
18144.0,2888.75,43,7,1
18146.0,160.35000000000002,10,140,0
18147.0,179.33999999999997,7,45,2
18149.0,612.0799999999999,16,50,2
18150.0,566.58,37,31,2
18151.0,653.35,38,134,2
18154.0,399.19,21,2,2
18155.0,371.62,25,74,2
18156.0,734.94,140,12,1
18158.0,453.4,34,8,2
18159.0,530.15,23,300,0
18160.0,638.0600000000001,39,56,2
18161.0,1618.69,80,14,1
18164.0,399.65000000000003,24,36,2
18165.0,302.46000000000004,10,176,0
18167.0,1384.8600000000001,37,22,2
18168.0,1169.94,131,175,1
18169.0,202.65,9,60,2
18170.0,980.31,38,32,2
18171.0,1231.31,54,58,2
18173.0,2106.84,31,86,1
18174.0,104.0,1,6,2
18176.0,476.35,30,357,0
18177.0,1341.42,74,30,1
18178.0,1590.81,97,128,1
18179.0,1793.17,90,8,1
18180.0,1843.75,119,4,1
18181.0,382.8,44,23,2
18183.0,632.07,37,226,0
18184.0,49.8,1,14,2
18185.0,304.25,17,248,0
18188.0,2001.04,71,14,1
18189.0,1090.24,68,77,2
18190.0,284.46000000000004,15,191,0
18191.0,207.79999999999998,7,261,0
18192.0,957.97,45,71,2
18193.0,243.76,16,164,0
18194.0,973.8399999999999,7,81,2
18196.0,689.13,141,94,1
18200.0,163.8,32,105,2
18202.0,1396.99,68,199,0
18203.0,160.42000000000002,19,156,0
18205.0,517.36,32,35,2
18209.0,139.10000000000002,8,28,2
18210.0,2621.38,134,1,1
18211.0,600.07,42,25,2
18212.0,248.42,43,325,0
18213.0,232.48000000000002,15,236,0
18215.0,299.34000000000003,13,88,2
18216.0,481.75,26,30,2
18217.0,621.75,31,28,2
18218.0,662.08,21,210,0
18219.0,2069.77,114,2,1
18220.0,305.28000000000003,2,226,0
18221.0,1041.61,64,21,2
18222.0,443.0,19,92,2
18224.0,158.95000000000002,10,263,0
18227.0,93.75,5,217,0
18228.0,779.9,30,56,2
18230.0,2810.2000000000003,86,8,1
18231.0,2083.27,124,191,1
18232.0,592.97,37,81,2
18233.0,440.0,1,325,0
18235.0,1796.48,104,71,1
18236.0,882.24,49,29,2
18237.0,987.1,61,2,2
18239.0,1561.6100000000001,88,218,1
18240.0,422.58,6,45,2
18241.0,2073.09,104,9,1
18242.0,2232.4900000000002,78,71,1
18245.0,2567.06,175,6,1
18246.0,596.1,4,23,2
18248.0,804.02,47,122,2
18249.0,95.34,8,16,2
18250.0,349.27,21,309,0
18252.0,526.67,98,50,2
18255.0,103.3,6,88,2
18257.0,2337.63,118,38,1
18259.0,2338.6000000000004,42,24,1
18260.0,2643.2000000000003,134,172,1
18261.0,324.24,21,42,2
18262.0,149.48,13,139,0
18263.0,1213.1599999999999,61,25,2
18265.0,801.51,46,71,2
18268.0,25.5,1,133,0
18270.0,283.15,11,37,2
18272.0,3078.58,166,2,1
18273.0,204.0,3,1,2
18274.0,175.92,11,29,2
18276.0,335.86,14,43,2
18277.0,110.38,8,57,2
18278.0,173.9,9,73,2
18280.0,180.60000000000002,10,277,0
18281.0,80.82,7,180,0
18282.0,178.05,12,7,2
18287.0,1837.28,70,42,1
